fipscode,county,state,dem_votes,rep_votes,other_votes
01001,Autauga,Alabama,3646,9449,27
01003,Baldwin,Alabama,8452,37783,64
01005,Barbour,Alabama,3657,3114,3
01007,Bibb,Alabama,1368,3525,7
01009,Blount,Alabama,2179,12081,27
01011,Bullock,Alabama,2444,747,2
01013,Butler,Alabama,2750,3155,7
01015,Calhoun,Alabama,9095,17702,32
01017,Chambers,Alabama,3640,4605,6
01019,Cherokee,Alabama,1869,5010,4
01021,Chilton,Alabama,2424,9036,16
01023,Choctaw,Alabama,1949,2381,2
01025,Clarke,Alabama,3530,5000,0
01027,Clay,Alabama,1223,3214,3
01029,Cleburne,Alabama,717,3129,4
01031,Coffee,Alabama,2405,8555,10
01033,Colbert,Alabama,6119,9551,41
01035,Conecuh,Alabama,2344,2373,2
01037,Coosa,Alabama,1579,2260,2
01039,Covington,Alabama,1777,6155,5
01041,Crenshaw,Alabama,1767,2956,6
01043,Cullman,Alabama,3698,16606,33
01045,Dale,Alabama,2794,8171,5
01047,Dallas,Alabama,8456,4116,18
01049,DeKalb,Alabama,3682,12593,26
01051,Elmore,Alabama,5561,15215,39
01053,Escambia,Alabama,3032,6013,9
01055,Etowah,Alabama,8909,17539,23
01057,Fayette,Alabama,1966,4849,9
01059,Franklin,Alabama,2617,4950,12
01061,Geneva,Alabama,1219,6119,5
01063,Greene,Alabama,2857,538,0
01065,Hale,Alabama,3168,2002,2
01067,Henry,Alabama,1780,3333,3
01069,Houston,Alabama,6257,17302,31
01071,Jackson,Alabama,3234,8258,34
01073,Jefferson,Alabama,82865,83147,259
01075,Lamar,Alabama,1249,3157,2
01077,Lauderdale,Alabama,7431,15782,89
01079,Lawrence,Alabama,3300,5867,25
01081,Lee,Alabama,10139,16315,49
01083,Limestone,Alabama,5379,17581,67
01085,Lowndes,Alabama,3127,1174,6
01087,Macon,Alabama,4830,829,3
01089,Madison,Alabama,26097,60277,720
01091,Marengo,Alabama,3762,3152,4
01093,Marion,Alabama,2099,6061,12
01095,Marshall,Alabama,3345,16523,37
01097,Mobile,Alabama,34835,48651,82
01099,Monroe,Alabama,2580,3500,3
01101,Montgomery,Alabama,33366,23811,125
01103,Morgan,Alabama,6708,22428,76
01105,Perry,Alabama,2633,962,1
01107,Pickens,Alabama,2525,3528,2
01109,Pike,Alabama,3821,5330,13
01111,Randolph,Alabama,1917,4076,11
01113,Russell,Alabama,4758,4440,4
01117,Shelby,Alabama,10324,40297,26
01115,St. Clair,Alabama,3522,15921,95
01119,Sumter,Alabama,3101,1051,4
01121,Talladega,Alabama,7877,11335,19
01123,Tallapoosa,Alabama,4041,8002,10
01125,Tuscaloosa,Alabama,17196,25369,88
01127,Walker,Alabama,4750,12317,30
01129,Washington,Alabama,1742,3263,1
01131,Wilcox,Alabama,2913,1347,4
01133,Winston,Alabama,1391,5353,9
04001,Apache,Arizona,13562,5871,467
04003,Cochise,Arizona,12709,21662,479
04005,Coconino,Arizona,20212,14528,549
04007,Gila,Arizona,5253,9610,207
04009,Graham,Arizona,1919,4985,93
04011,Greenlee,Arizona,792,995,30
04012,La Paz,Arizona,846,2388,55
04013,Maricopa,Arizona,346879,469200,9233
04015,Mohave,Arizona,10662,33150,621
04017,Navajo,Arizona,12128,13569,576
04019,Pima,Arizona,136302,122966,2499
04021,Pinal,Arizona,26131,41313,1063
04023,Santa Cruz,Arizona,5819,3175,91
04025,Yavapai,Arizona,23210,46806,851
04027,Yuma,Arizona,10497,14844,282
05001,Arkansas,Arkansas,2317,2676,103
05003,Ashley,Arkansas,3077,3037,132
05005,Baxter,Arkansas,4681,9693,577
05007,Benton,Arkansas,17122,43535,2284
05009,Boone,Arkansas,3107,7363,512
05011,Bradley,Arkansas,1498,1360,48
05013,Calhoun,Arkansas,740,862,43
05015,Carroll,Arkansas,3095,4635,357
05017,Chicot,Arkansas,2437,1024,42
05019,Clark,Arkansas,4014,2834,123
05021,Clay,Arkansas,1912,1943,162
05023,Cleburne,Arkansas,2797,6670,410
05025,Cleveland,Arkansas,1103,1558,74
05027,Columbia,Arkansas,3541,4306,165
05029,Conway,Arkansas,2822,3366,167
05031,Craighead,Arkansas,10342,14218,797
05033,Crawford,Arkansas,4426,11180,621
05035,Crittenden,Arkansas,5845,4497,279
05037,Cross,Arkansas,2240,2899,127
05039,Dallas,Arkansas,1274,1076,37
05041,Desha,Arkansas,2297,1057,55
05043,Drew,Arkansas,2620,2535,89
05045,Faulkner,Arkansas,12227,20540,1174
05047,Franklin,Arkansas,1859,3488,165
05049,Fulton,Arkansas,1394,1867,122
05051,Garland,Arkansas,12118,17729,1069
05053,Grant,Arkansas,1853,3327,172
05055,Greene,Arkansas,4321,6355,409
05057,Hempstead,Arkansas,2637,2662,97
05059,Hot Spring,Arkansas,4154,4963,316
05061,Howard,Arkansas,1851,1768,60
05063,Independence,Arkansas,3623,6634,392
05065,Izard,Arkansas,1702,2470,183
05067,Jackson,Arkansas,2045,1981,125
05069,Jefferson,Arkansas,13447,6473,258
05071,Johnson,Arkansas,2572,3742,253
05073,Lafayette,Arkansas,1200,1177,41
05075,Lawrence,Arkansas,2079,2340,186
05077,Lee,Arkansas,1713,898,36
05079,Lincoln,Arkansas,1531,1476,80
05081,Little River,Arkansas,2005,2001,94
05083,Logan,Arkansas,2378,3918,208
05085,Lonoke,Arkansas,5568,13385,595
05087,Madison,Arkansas,1820,3171,186
05089,Marion,Arkansas,1571,3185,252
05091,Miller,Arkansas,4241,7031,213
05093,Mississippi,Arkansas,5526,4321,383
05095,Monroe,Arkansas,1309,1026,52
05097,Montgomery,Arkansas,1113,1711,101
05099,Nevada,Arkansas,1657,1085,34
05101,Newton,Arkansas,970,1903,159
05103,Ouachita,Arkansas,4340,3456,124
05105,Perry,Arkansas,1386,2074,137
05107,Phillips,Arkansas,3713,1888,155
05109,Pike,Arkansas,1302,1746,68
05111,Poinsett,Arkansas,2730,3423,215
05113,Polk,Arkansas,1965,4110,294
05115,Pope,Arkansas,5085,11412,590
05117,Prairie,Arkansas,1019,1563,77
05119,Pulaski,Arkansas,71804,53050,2835
05121,Randolph,Arkansas,2220,2600,240
05125,Saline,Arkansas,12555,25823,1351
05127,Scott,Arkansas,1073,1919,107
05129,Searcy,Arkansas,765,2174,125
05131,Sebastian,Arkansas,9971,20875,1018
05133,Sevier,Arkansas,1549,1908,97
05135,Sharp,Arkansas,2031,3396,254
05123,St. Francis,Arkansas,3681,2161,121
05137,Stone,Arkansas,1516,2809,193
05139,Union,Arkansas,5555,6626,243
05141,Van Buren,Arkansas,2112,3582,238
05143,Washington,Arkansas,22420,30134,1986
05145,White,Arkansas,6120,15007,744
05147,Woodruff,Arkansas,1342,757,47
05149,Yell,Arkansas,2070,2985,170
06001,Alameda,California,293081,63593,9925
06003,Alpine,California,284,175,9
06005,Amador,California,5682,7071,330
06007,Butte,California,29520,32249,1720
06009,Calaveras,California,6870,8841,390
06011,Colusa,California,1789,2398,235
06013,Contra Costa,California,174403,79660,4944
06015,Del Norte,California,3488,3539,305
06017,El Dorado,California,27916,33443,1614
06019,Fresno,California,76143,83744,3533
06021,Glenn,California,2049,3908,214
06023,Humboldt,California,24003,13146,1380
06025,Imperial,California,13457,7484,604
06027,Inyo,California,2317,3112,163
06029,Kern,California,54269,78417,3320
06031,Kings,California,8752,13575,436
06033,Lake,California,10722,6775,564
06035,Lassen,California,2213,4609,150
06037,Los Angeles,California,978142,485186,55507
06039,Madera,California,9974,16825,571
06041,Marin,California,69751,18147,1638
06043,Mariposa,California,2499,4038,159
06045,Mendocino,California,17340,6825,852
06047,Merced,California,18945,18848,879
06049,Modoc,California,770,2061,79
06051,Mono,California,1632,1442,81
06053,Monterey,California,51315,22591,1209
06055,Napa,California,25846,12059,861
06057,Nevada,California,20976,17419,1234
06059,Orange,California,275707,344817,19834
06061,Placer,California,51241,61604,2702
06063,Plumas,California,2966,4139,138
06065,Riverside,California,165340,185805,6619
06067,Sacramento,California,202416,122342,6059
06069,San Benito,California,8654,4969,412
06071,San Bernardino,California,134417,152458,6408
06073,San Diego,California,346419,331942,14073
06075,San Francisco,California,196745,26442,8027
06077,San Joaquin,California,62614,54331,2227
06079,San Luis Obispo,California,46606,39186,1913
06081,San Mateo,California,120280,39615,4558
06083,Santa Barbara,California,64912,46503,2691
06085,Santa Clara,California,288732,107113,8321
06087,Santa Cruz,California,56977,15499,1564
06089,Shasta,California,21509,35007,2186
06091,Sierra,California,679,857,91
06093,Siskiyou,California,6103,7717,439
06095,Solano,California,57874,31754,1691
06097,Sonoma,California,107328,36249,3050
06099,Stanislaus,California,46566,43786,2386
06101,Sutter,California,8688,11644,698
06103,Tehama,California,5408,9952,431
06105,Trinity,California,1711,2163,129
06107,Tulare,California,23708,37996,1216
06109,Tuolumne,California,7951,9058,416
06111,Ventura,California,106072,93797,3914
06113,Yolo,California,31431,14043,982
06115,Yuba,California,5166,7245,310
08001,Adams,Colorado,65450,58011,130606
08003,Alamosa,Colorado,2632,2238,5167
08005,Arapahoe,Colorado,116445,98374,223899
08007,Archuleta,Colorado,2153,3032,5461
08009,Baca,Colorado,406,1354,1866
08011,Bent,Colorado,548,937,1580
08013,Boulder,Colorado,96565,36868,141760
08014,Broomfield,Colorado,14100,12240,27610
08015,Chaffee,Colorado,4211,4306,8933
08017,Cheyenne,Colorado,165,814,1037
08019,Clear Creek,Colorado,2455,1967,4682
08021,Conejos,Colorado,1727,1642,3495
08023,Costilla,Colorado,941,401,1419
08025,Crowley,Colorado,336,884,1337
08027,Custer,Colorado,765,1656,2522
08029,Delta,Colorado,3944,8801,13461
08031,Denver,Colorado,172290,50257,231985
08033,Dolores,Colorado,280,635,971
08035,Douglas,Colorado,52187,81706,138186
08037,Eagle,Colorado,10253,6449,17404
08041,El Paso,Colorado,76678,139140,227878
08039,Elbert,Colorado,2797,9099,12495
08043,Fremont,Colorado,4927,11121,17214
08045,Garfield,Colorado,8840,9583,19372
08047,Gilpin,Colorado,1441,1198,2897
08049,Grand,Colorado,3020,3525,6840
08051,Gunnison,Colorado,3960,2562,6936
08053,Hinsdale,Colorado,203,295,518
08055,Huerfano,Colorado,1548,1445,3193
08057,Jackson,Colorado,164,575,762
08059,Jefferson,Colorado,130196,114398,256437
08061,Kiowa,Colorado,113,604,757
08063,Kit Carson,Colorado,647,2327,3097
08067,La Plata,Colorado,12017,9658,22784
08065,Lake,Colorado,1385,903,2473
08069,Larimer,Colorado,72550,65054,144851
08071,Las Animas,Colorado,2562,2721,5586
08073,Lincoln,Colorado,406,1525,2021
08075,Logan,Colorado,2027,5438,7773
08077,Mesa,Colorado,19859,35236,57898
08079,Mineral,Colorado,277,294,604
08081,Moffat,Colorado,853,3794,4882
08083,Montezuma,Colorado,3383,5672,9660
08085,Montrose,Colorado,4971,10907,16610
08087,Morgan,Colorado,2646,5861,8860
08089,Otero,Colorado,2599,3714,6696
08091,Ouray,Colorado,1434,1151,2678
08093,Park,Colorado,2958,4624,8054
08095,Phillips,Colorado,477,1442,1994
08097,Pitkin,Colorado,5505,1877,7689
08099,Prowers,Colorado,1052,2728,3981
08101,Pueblo,Colorado,29591,26696,59568
08103,Rio Blanco,Colorado,434,2166,2715
08105,Rio Grande,Colorado,1800,2437,4480
08107,Routt,Colorado,6092,4005,10480
08109,Saguache,Colorado,1312,860,2386
08111,San Juan,Colorado,243,177,449
08113,San Miguel,Colorado,2190,821,3243
08115,Sedgwick,Colorado,342,806,1209
08117,Summit,Colorado,7306,3705,11514
08119,Teller,Colorado,3241,7364,11303
08121,Washington,Colorado,365,1915,2355
08123,Weld,Colorado,33375,52844,90774
08125,Yuma,Colorado,794,3356,4258
09001,Fairfield,Connecticut,123687,124436,10750
09003,Hartford,Connecticut,141683,120607,14475
09005,Litchfield,Connecticut,25818,38970,4460
09007,Middlesex,Connecticut,29828,29865,3960
09009,New Haven,Connecticut,129938,110998,13818
09011,New London,Connecticut,41025,37543,5213
09013,Tolland,Connecticut,22635,26018,3287
09015,Windham,Connecticut,14938,15561,2552
12001,Alachua,Florida,44052,31097,3004
12003,Baker,Florida,2100,5956,388
12005,Bay,Florida,12990,40956,3104
12007,Bradford,Florida,2594,5525,424
12009,Brevard,Florida,91018,116620,14134
12011,Broward,Florida,318950,138394,11549
12013,Calhoun,Florida,1202,2676,309
12015,Charlotte,Florida,26963,35236,4919
12017,Citrus,Florida,22424,31305,4591
12019,Clay,Florida,15948,49330,2861
12021,Collier,Florida,35281,75337,3002
12023,Columbia,Florida,5812,11604,958
12027,DeSoto,Florida,3294,3681,537
12029,Dixie,Florida,1657,3345,358
12031,Duval,Florida,112026,146407,11600
12033,Escambia,Florida,33434,60719,3798
12035,Flagler,Florida,15994,19996,1868
12037,Franklin,Florida,1633,2505,168
12039,Gadsden,Florida,12425,4798,371
12041,Gilchrist,Florida,1485,4129,349
12043,Glades,Florida,1042,1815,163
12045,Gulf,Florida,1432,3476,261
12047,Hamilton,Florida,1622,1958,138
12049,Hardee,Florida,1751,3207,433
12051,Hendry,Florida,2626,3749,321
12053,Hernando,Florida,28622,30635,4719
12055,Highlands,Florida,11070,18888,2020
12057,Hillsborough,Florida,180168,170127,21673
12059,Holmes,Florida,1052,4301,360
12061,Indian River,Florida,19248,30719,2535
12063,Jackson,Florida,5711,8745,650
12065,Jefferson,Florida,3291,2840,174
12067,Lafayette,Florida,752,1710,137
12069,Lake,Florida,42811,63009,6695
12071,Lee,Florida,79454,121962,8885
12073,Leon,Florida,66739,38289,3106
12075,Levy,Florida,4172,8408,715
12077,Liberty,Florida,901,1562,209
12079,Madison,Florida,3024,3131,204
12081,Manatee,Florida,49515,61871,8172
12083,Marion,Florida,46351,66220,7283
12085,Martin,Florida,24616,33836,2770
12086,Miami-Dade,Florida,304721,205017,11714
12087,Monroe,Florida,14305,13096,1104
12089,Nassau,Florida,7229,22105,1359
12091,Okaloosa,Florida,12129,46162,2872
12093,Okeechobee,Florida,3311,5016,567
12095,Orange,Florida,164570,128014,15080
12097,Osceola,Florida,35457,29431,3581
12099,Palm Beach,Florida,246730,160413,12325
12101,Pasco,Florida,72363,75222,13131
12103,Pinellas,Florida,183930,144271,23653
12105,Polk,Florida,79481,98224,14252
12107,Putnam,Florida,7335,13903,1472
12113,Santa Rosa,Florida,10815,39933,2568
12115,Sarasota,Florida,73706,78678,9073
12117,Seminole,Florida,62786,73355,8639
12109,St. Johns,Florida,24921,58150,3428
12111,St. Lucie,Florida,46422,38006,4569
12119,Sumter,Florida,15867,37633,1660
12121,Suwannee,Florida,3597,8445,735
12123,Taylor,Florida,2115,4266,295
12125,Union,Florida,1905,2780,325
12127,Volusia,Florida,79315,85749,10809
12129,Wakulla,Florida,4560,6444,556
12131,Walton,Florida,4347,15168,899
12133,Washington,Florida,2029,5788,439
13001,Appling,Georgia,1124,3192,92
13003,Atkinson,Georgia,565,1008,55
13005,Bacon,Georgia,440,1678,76
13007,Baker,Georgia,481,491,17
13009,Baldwin,Georgia,5318,4975,210
13011,Banks,Georgia,625,3583,126
13013,Barrow,Georgia,3746,11794,569
13015,Bartow,Georgia,5618,16425,727
13017,Ben Hill,Georgia,1465,1901,86
13019,Berrien,Georgia,939,2851,132
13021,Bibb,Georgia,24552,17447,572
13023,Bleckley,Georgia,909,2256,80
13025,Brantley,Georgia,567,2306,103
13027,Brooks,Georgia,2114,2448,80
13029,Bryan,Georgia,2218,5515,217
13031,Bulloch,Georgia,4897,8689,268
13033,Burke,Georgia,2943,2832,94
13035,Butts,Georgia,1970,3993,143
13037,Calhoun,Georgia,819,612,20
13039,Camden,Georgia,3063,6400,278
13043,Candler,Georgia,714,1449,37
13045,Carroll,Georgia,7897,17420,749
13047,Catoosa,Georgia,3349,10122,449
13049,Charlton,Georgia,658,1287,66
13051,Chatham,Georgia,36302,30996,1417
13053,Chattahoochee,Georgia,365,310,18
13055,Chattooga,Georgia,1774,2858,192
13057,Cherokee,Georgia,14322,50073,2323
13059,Clarke,Georgia,16560,8370,606
13061,Clay,Georgia,538,387,5
13063,Clayton,Georgia,51510,9897,880
13065,Clinch,Georgia,407,728,33
13067,Cobb,Georgia,88349,118613,6113
13069,Coffee,Georgia,2754,5240,189
13071,Colquitt,Georgia,2117,5577,210
13073,Columbia,Georgia,10405,28388,980
13075,Cook,Georgia,1234,2221,84
13077,Coweta,Georgia,10145,25924,1102
13079,Crawford,Georgia,1127,2056,65
13081,Crisp,Georgia,1831,3057,95
13083,Dade,Georgia,859,2450,127
13085,Dawson,Georgia,1064,6020,200
13087,Decatur,Georgia,2668,3289,94
13089,DeKalb,Georgia,162274,44676,3689
13091,Dodge,Georgia,1812,3135,135
13093,Dooly,Georgia,1342,1306,37
13095,Dougherty,Georgia,15635,7502,337
13097,Douglas,Georgia,19248,17397,854
13099,Early,Georgia,1514,1606,46
13101,Echols,Georgia,134,478,11
13103,Effingham,Georgia,2929,9339,312
13105,Elbert,Georgia,1757,2821,105
13107,Emanuel,Georgia,1706,3160,101
13109,Evans,Georgia,739,1373,37
13111,Fannin,Georgia,1544,5220,140
13113,Fayette,Georgia,15047,25989,1044
13115,Floyd,Georgia,6742,13335,745
13117,Forsyth,Georgia,10030,44895,1645
13119,Franklin,Georgia,838,3750,114
13121,Fulton,Georgia,168010,92489,5169
13123,Gilmer,Georgia,1609,5956,261
13125,Glascock,Georgia,134,631,24
13127,Glynn,Georgia,6493,13118,412
13129,Gordon,Georgia,2500,7456,369
13131,Grady,Georgia,2028,3374,130
13133,Greene,Georgia,2241,4184,98
13135,Gwinnett,Georgia,85137,107746,5322
13137,Habersham,Georgia,1701,7688,259
13139,Hall,Georgia,8399,34320,1122
13141,Hancock,Georgia,1869,498,31
13143,Haralson,Georgia,1434,5127,252
13145,Harris,Georgia,3009,6986,247
13147,Hart,Georgia,1967,4637,178
13149,Heard,Georgia,640,1773,68
13151,Henry,Georgia,31053,30636,1325
13153,Houston,Georgia,14335,22168,844
13155,Irwin,Georgia,713,1548,60
13157,Jackson,Georgia,2935,12560,495
13159,Jasper,Georgia,1195,2556,91
13161,Jeff Davis,Georgia,808,2114,66
13163,Jefferson,Georgia,2427,2027,53
13165,Jenkins,Georgia,763,1117,30
13167,Johnson,Georgia,761,1487,44
13169,Jones,Georgia,3101,4829,137
13171,Lamar,Georgia,1715,3144,107
13173,Lanier,Georgia,543,846,43
13175,Laurens,Georgia,4897,7733,246
13177,Lee,Georgia,2217,6414,219
13179,Liberty,Georgia,5395,3331,168
13181,Lincoln,Georgia,901,1704,65
13183,Long,Georgia,833,1233,62
13185,Lowndes,Georgia,9080,11801,386
13187,Lumpkin,Georgia,1642,5755,260
13193,Macon,Georgia,1970,997,41
13195,Madison,Georgia,1869,5433,243
13197,Marion,Georgia,1025,1068,52
13189,McDuffie,Georgia,2269,3557,150
13191,McIntosh,Georgia,1661,2085,91
13199,Meriwether,Georgia,2802,3141,120
13201,Miller,Georgia,373,1028,25
13205,Mitchell,Georgia,2366,2474,97
13207,Monroe,Georgia,2595,5813,167
13209,Montgomery,Georgia,627,1594,64
13211,Morgan,Georgia,1877,4302,131
13213,Murray,Georgia,1639,4168,244
13215,Muscogee,Georgia,24192,16042,774
13217,Newton,Georgia,14067,13605,530
13219,Oconee,Georgia,3740,9399,400
13221,Oglethorpe,Georgia,1301,2669,118
13223,Paulding,Georgia,10635,24514,1107
13225,Peach,Georgia,3514,3614,109
13227,Pickens,Georgia,1641,6918,264
13229,Pierce,Georgia,674,3134,88
13231,Pike,Georgia,1073,4347,178
13233,Polk,Georgia,2387,5322,281
13235,Pulaski,Georgia,812,1492,46
13237,Putnam,Georgia,1809,4359,100
13239,Quitman,Georgia,309,269,15
13241,Rabun,Georgia,1279,4007,167
13243,Randolph,Georgia,1110,993,15
13245,Richmond,Georgia,29722,17232,788
13247,Rockdale,Georgia,15424,10684,463
13249,Schley,Georgia,343,894,23
13251,Screven,Georgia,1653,2034,67
13253,Seminole,Georgia,805,1357,47
13255,Spalding,Georgia,6118,10122,451
13257,Stephens,Georgia,1151,3832,153
13259,Stewart,Georgia,766,431,15
13261,Sumter,Georgia,4344,3572,82
13263,Talbot,Georgia,1335,778,34
13265,Taliaferro,Georgia,332,217,8
13267,Tattnall,Georgia,1205,2934,81
13269,Taylor,Georgia,961,1184,43
13271,Telfair,Georgia,1191,1453,57
13273,Terrell,Georgia,1773,1428,47
13275,Thomas,Georgia,4342,6389,196
13277,Tift,Georgia,2691,5593,200
13279,Toombs,Georgia,1584,3840,111
13281,Towns,Georgia,1031,3152,81
13283,Treutlen,Georgia,572,907,27
13285,Troup,Georgia,6062,9261,334
13287,Turner,Georgia,924,1271,66
13289,Twiggs,Georgia,1580,1250,53
13291,Union,Georgia,1622,5915,206
13293,Upson,Georgia,2453,4431,187
13295,Walker,Georgia,3257,8664,418
13297,Walton,Georgia,5364,19845,630
13299,Ware,Georgia,2079,4427,149
13301,Warren,Georgia,791,670,24
13303,Washington,Georgia,3102,2881,66
13305,Wayne,Georgia,1727,4232,174
13307,Webster,Georgia,357,410,10
13309,Wheeler,Georgia,594,876,31
13311,White,Georgia,1417,5985,263
13313,Whitfield,Georgia,4511,10564,719
13315,Wilcox,Georgia,610,1218,42
13317,Wilkes,Georgia,1337,1691,58
13319,Wilkinson,Georgia,1552,1544,45
13321,Worth,Georgia,1398,3629,145
15001,Hawaii,Hawaii,25674,15387,8751
15009,Maui,Hawaii,23669,12614,8714
15003,Honolulu,Hawaii,119312,100279,28381
15007,Kauai,Hawaii,12451,7495,3483
16001,Ada,Idaho,66347,55407,7924
16003,Adams,Idaho,373,907,128
16005,Bannock,Idaho,10355,10282,1817
16007,Bear Lake,Idaho,317,1378,197
16009,Benewah,Idaho,781,1421,469
16011,Bingham,Idaho,2942,6725,977
16013,Blaine,Idaho,4363,2401,332
16015,Boise,Idaho,846,1607,250
16017,Bonner,Idaho,4410,6907,1487
16019,Bonneville,Idaho,9377,15295,2328
16021,Boundary,Idaho,850,1997,512
16023,Butte,Idaho,260,759,107
16025,Camas,Idaho,125,273,39
16027,Canyon,Idaho,13536,27124,3761
16029,Caribou,Idaho,450,1331,174
16031,Cassia,Idaho,1162,3832,456
16033,Clark,Idaho,48,167,23
16035,Clearwater,Idaho,943,1455,255
16037,Custer,Idaho,441,1109,244
16039,Elmore,Idaho,1664,3170,425
16041,Franklin,Idaho,393,2163,334
16043,Fremont,Idaho,821,2932,353
16045,Gem,Idaho,1230,3543,458
16047,Gooding,Idaho,1163,2474,318
16049,Idaho,Idaho,1509,3495,653
16051,Jefferson,Idaho,1336,5006,704
16053,Jerome,Idaho,1247,2797,364
16055,Kootenai,Idaho,11750,22194,3139
16057,Latah,Idaho,6321,4542,874
16059,Lemhi,Idaho,667,1970,300
16061,Lewis,Idaho,428,662,124
16063,Lincoln,Idaho,421,826,89
16065,Madison,Idaho,1482,4671,669
16067,Minidoka,Idaho,1182,3087,361
16069,Nez Perce,Idaho,5142,5369,750
16071,Oneida,Idaho,179,807,112
16073,Owyhee,Idaho,479,1887,212
16075,Payette,Idaho,1378,3862,465
16077,Power,Idaho,707,1208,189
16079,Shoshone,Idaho,1383,1658,343
16081,Teton,Idaho,1977,1678,280
16083,Twin Falls,Idaho,6477,11023,1424
16085,Valley,Idaho,1484,1851,212
16087,Washington,Idaho,810,2153,242
17001,Adams,Illinois,4342,17146,968
17003,Alexander,Illinois,1015,1137,177
17005,Bond,Illinois,1442,3082,375
17007,Boone,Illinois,5029,9529,689
17009,Brown,Illinois,364,1120,100
17011,Bureau,Illinois,4731,7258,727
17013,Calhoun,Illinois,683,1157,123
17015,Carroll,Illinois,1582,3621,324
17017,Cass,Illinois,1249,2242,278
17019,Champaign,Illinois,22314,29918,2247
17021,Christian,Illinois,3265,7462,818
17023,Clark,Illinois,1083,3805,309
17025,Clay,Illinois,721,2948,258
17027,Clinton,Illinois,2270,9699,777
17029,Coles,Illinois,4376,9507,848
17031,Cook,Illinois,870866,447388,26885
17033,Crawford,Illinois,1505,4375,430
17035,Cumberland,Illinois,926,2739,267
17037,DeKalb,Illinois,10944,16246,986
17039,De Witt,Illinois,1299,3859,328
17041,Douglas,Illinois,1156,4522,310
17043,DuPage,Illinois,105374,174041,6800
17045,Edgar,Illinois,1435,4491,369
17047,Edwards,Illinois,314,1862,123
17049,Effingham,Illinois,2272,9352,563
17051,Fayette,Illinois,1481,4638,430
17053,Ford,Illinois,854,3401,229
17055,Franklin,Illinois,4104,7677,867
17057,Fulton,Illinois,4976,5173,899
17059,Gallatin,Illinois,564,1145,131
17061,Greene,Illinois,1159,2820,318
17063,Grundy,Illinois,6073,9760,696
17065,Hamilton,Illinois,780,2136,227
17067,Hancock,Illinois,1343,4271,365
17069,Hardin,Illinois,419,922,93
17071,Henderson,Illinois,912,1559,152
17073,Henry,Illinois,5958,10829,899
17075,Iroquois,Illinois,1723,7329,400
17077,Jackson,Illinois,6876,8114,955
17079,Jasper,Illinois,936,2897,253
17081,Jefferson,Illinois,3310,8281,775
17083,Jersey,Illinois,2292,5215,517
17085,Jo Daviess,Illinois,2700,4726,355
17087,Johnson,Illinois,1099,3170,295
17089,Kane,Illinois,46363,75835,3246
17091,Kankakee,Illinois,12431,20449,1211
17093,Kendall,Illinois,11361,19946,1052
17095,Knox,Illinois,6925,8311,862
17097,Lake,Illinois,79939,116277,4611
17099,LaSalle,Illinois,13871,19843,1674
17101,Lawrence,Illinois,1216,2670,246
17103,Lee,Illinois,4061,6527,653
17105,Livingston,Illinois,3073,7335,695
17107,Logan,Illinois,2201,5864,594
17115,Macon,Illinois,11345,20467,1553
17117,Macoupin,Illinois,5169,9278,1208
17119,Madison,Illinois,28444,46075,4638
17121,Marion,Illinois,2291,8683,804
17123,Marshall,Illinois,1285,2666,285
17125,Mason,Illinois,1891,2952,423
17127,Massac,Illinois,1268,2828,182
17109,McDonough,Illinois,2842,5242,480
17111,McHenry,Illinois,29116,61827,3053
17113,McLean,Illinois,16600,31646,2222
17129,Menard,Illinois,1371,3239,256
17131,Mercer,Illinois,2377,3823,354
17133,Monroe,Illinois,3138,8843,578
17135,Montgomery,Illinois,2752,5260,681
17137,Morgan,Illinois,3182,7192,731
17139,Moultrie,Illinois,1021,3261,264
17141,Ogle,Illinois,5015,11236,813
17143,Peoria,Illinois,21232,28127,2715
17145,Perry,Illinois,2294,4481,425
17147,Piatt,Illinois,1702,4975,376
17149,Pike,Illinois,1268,4110,369
17151,Pope,Illinois,409,1057,101
17153,Pulaski,Illinois,917,1487,165
17155,Putnam,Illinois,1096,1264,195
17157,Randolph,Illinois,3838,6607,684
17159,Richland,Illinois,1171,3525,271
17161,Rock Island,Illinois,20495,22680,1765
17165,Saline,Illinois,2375,4839,557
17167,Sangamon,Illinois,27822,39692,3990
17169,Schuyler,Illinois,990,2051,256
17171,Scott,Illinois,480,1538,160
17173,Shelby,Illinois,1780,5726,581
17163,St. Clair,Illinois,33474,39438,3405
17175,Stark,Illinois,537,1246,130
17177,Stephenson,Illinois,4558,9338,750
17179,Tazewell,Illinois,13538,26991,2879
17181,Union,Illinois,1887,3900,350
17183,Vermilion,Illinois,6290,14028,1314
17185,Wabash,Illinois,885,2809,155
17187,Warren,Illinois,1923,3281,257
17189,Washington,Illinois,1004,4354,363
17191,Wayne,Illinois,625,4899,240
17193,White,Illinois,1339,4358,297
17195,Whiteside,Illinois,7125,9436,861
17197,Will,Illinois,81548,109319,5577
17199,Williamson,Illinois,6177,13081,1129
17201,Winnebago,Illinois,30691,44785,3403
17203,Woodford,Illinois,3209,10061,696
19001,Adair,Iowa,872,2153,137
19003,Adams,Iowa,419,1230,63
19005,Allamakee,Iowa,1725,3393,150
19007,Appanoose,Iowa,1350,2882,198
19009,Audubon,Iowa,706,1654,82
19011,Benton,Iowa,3514,6382,389
19013,Black Hawk,Iowa,21506,23633,1407
19015,Boone,Iowa,4171,5922,476
19017,Bremer,Iowa,3661,6083,301
19019,Buchanan,Iowa,3118,4498,277
19021,Buena Vista,Iowa,1568,4096,219
19023,Butler,Iowa,1673,3888,216
19025,Calhoun,Iowa,1025,2660,348
19027,Carroll,Iowa,2452,5370,292
19029,Cass,Iowa,1331,3542,166
19031,Cedar,Iowa,2484,4632,211
19033,Cerro Gordo,Iowa,6351,10308,406
19035,Cherokee,Iowa,1199,3544,114
19037,Chickasaw,Iowa,1756,3046,142
19039,Clarke,Iowa,1051,2092,130
19041,Clay,Iowa,1521,4355,167
19043,Clayton,Iowa,2368,4449,215
19045,Clinton,Iowa,6247,10473,517
19047,Crawford,Iowa,1161,3431,216
19049,Dallas,Iowa,9072,18815,1096
19051,Davis,Iowa,876,1971,115
19053,Decatur,Iowa,768,1717,137
19055,Delaware,Iowa,2131,4604,176
19057,Des Moines,Iowa,5958,7328,358
19059,Dickinson,Iowa,1889,5294,116
19061,Dubuque,Iowa,14295,21049,951
19063,Emmet,Iowa,968,2458,127
19065,Fayette,Iowa,2815,4745,271
19067,Floyd,Iowa,2083,3788,164
19069,Franklin,Iowa,980,2796,158
19071,Fremont,Iowa,626,1671,137
19073,Greene,Iowa,1169,2297,167
19075,Grundy,Iowa,1340,3761,227
19077,Guthrie,Iowa,1251,2896,223
19079,Hamilton,Iowa,1870,3630,214
19081,Hancock,Iowa,996,3218,169
19083,Hardin,Iowa,2122,4328,359
19085,Harrison,Iowa,1191,3442,370
19087,Henry,Iowa,2062,4466,184
19089,Howard,Iowa,1116,2186,115
19091,Humboldt,Iowa,995,2765,132
19093,Ida,Iowa,517,2161,48
19095,Iowa,Iowa,2086,4420,258
19097,Jackson,Iowa,2471,4986,183
19099,Jasper,Iowa,5918,8245,821
19101,Jefferson,Iowa,2856,3169,296
19103,Johnson,Iowa,30684,19775,1779
19105,Jones,Iowa,2899,4581,269
19107,Keokuk,Iowa,981,2641,114
19109,Kossuth,Iowa,1911,4509,216
19111,Lee,Iowa,4638,5647,431
19113,Linn,Iowa,39036,44586,2699
19115,Louisa,Iowa,993,2297,110
19117,Lucas,Iowa,945,2102,165
19119,Lyon,Iowa,491,3787,84
19121,Madison,Iowa,1980,4210,336
19123,Mahaska,Iowa,1809,5648,348
19125,Marion,Iowa,4000,8794,568
19127,Marshall,Iowa,5958,7202,558
19129,Mills,Iowa,1193,3362,360
19131,Mitchell,Iowa,1089,2993,87
19133,Monona,Iowa,910,2798,86
19135,Monroe,Iowa,827,1974,133
19137,Montgomery,Iowa,772,2791,242
19139,Muscatine,Iowa,4563,8051,530
19141,O'Brien,Iowa,794,4562,85
19143,Osceola,Iowa,310,1847,58
19145,Page,Iowa,1097,3545,191
19147,Palo Alto,Iowa,1087,2492,99
19149,Plymouth,Iowa,1695,7366,164
19151,Pocahontas,Iowa,736,1991,145
19153,Polk,Iowa,73904,82490,7864
19155,Pottawattamie,Iowa,8023,16646,1539
19157,Poweshiek,Iowa,3017,4134,299
19159,Ringgold,Iowa,552,1447,82
19161,Sac,Iowa,899,2815,142
19163,Scott,Iowa,22415,37488,1656
19165,Shelby,Iowa,943,3217,128
19167,Sioux,Iowa,1013,12236,177
19169,Story,Iowa,14566,16725,1554
19171,Tama,Iowa,3031,3249,345
19173,Taylor,Iowa,527,1598,73
19175,Union,Iowa,560,1388,114
19177,Van Buren,Iowa,718,2013,133
19179,Wapello,Iowa,4461,5986,490
19181,Warren,Iowa,7123,11509,933
19183,Washington,Iowa,2654,5268,338
19185,Wayne,Iowa,576,1512,89
19187,Webster,Iowa,4627,7862,570
19189,Winnebago,Iowa,1039,3130,89
19191,Winneshiek,Iowa,3272,4795,197
19193,Woodbury,Iowa,9542,19840,902
19195,Worth,Iowa,1002,2004,94
19197,Wright,Iowa,1266,3198,157
23001,Androscoggin,Maine,16376,25987,3557
23003,Aroostook,Maine,12398,13725,2733
23005,Cumberland,Maine,72217,55932,12858
23007,Franklin,Maine,5426,7591,1248
23009,Hancock,Maine,12007,12016,2271
23011,Kennebec,Maine,24129,28336,4249
23013,Knox,Maine,8911,8425,1555
23015,Lincoln,Maine,7633,9157,1351
23017,Oxford,Maine,9269,14902,2229
23019,Penobscot,Maine,26210,33190,4712
23021,Piscataquis,Maine,2810,4736,633
23023,Sagadahoc,Maine,8264,8760,1553
23025,Somerset,Maine,8422,12194,1587
23027,Waldo,Maine,8167,8862,1446
23029,Washington,Maine,5452,7390,1160
23031,York,Maine,36905,43055,8375
24001,Allegany,Maryland,4629,15410,439
24003,Anne Arundel,Maryland,58001,119195,3142
24510,Baltimore City,Maryland,106213,30845,3628
24005,Baltimore,Maryland,102734,155936,5473
24009,Calvert,Maryland,9579,22739,586
24011,Caroline,Maryland,1931,7144,133
24013,Carroll,Maryland,10349,52951,1119
24015,Cecil,Maryland,5467,20699,600
24017,Charles,Maryland,24601,22268,600
24019,Dorchester,Maryland,3252,7276,132
24021,Frederick,Maryland,27682,50715,1675
24023,Garrett,Maryland,1634,7319,229
24025,Harford,Maryland,19814,69986,1660
24027,Howard,Maryland,49227,54353,1873
24029,Kent,Maryland,2603,5009,144
24031,Montgomery,Maryland,163694,97312,3813
24033,Prince George's,Maryland,184950,32619,2003
24035,Queen Anne's,Maryland,3757,15436,233
24037,St. Mary's,Maryland,8203,23675,679
24039,Somerset,Maryland,2135,4488,78
24041,Talbot,Maryland,4420,10616,190
24043,Washington,Maryland,9661,28469,691
24045,Wicomico,Maryland,8833,16669,422
24047,Worcester,Maryland,5521,13271,345
25001,Barnstable,Massachusetts,41525,52251,4003
25003,Berkshire,Massachusetts,26207,11201,2161
25005,Bristol,Massachusetts,66045,72641,7471
25007,Dukes,Massachusetts,4477,2493,333
25009,Essex,Massachusetts,109776,135365,10429
25011,Franklin,Massachusetts,15077,8826,2407
25013,Hampden,Massachusetts,54751,64850,15128
25015,Hampshire,Massachusetts,30982,19103,4863
25017,Middlesex,Massachusetts,264319,238750,22602
25019,Nantucket,Massachusetts,1817,1717,146
25021,Norfolk,Massachusetts,107891,133328,10503
25023,Plymouth,Massachusetts,68141,102551,8562
25025,Suffolk,Massachusetts,116610,57754,7219
25027,Worcester,Massachusetts,96790,143743,13518
26001,Alcona,Michigan,1806,2529,131
26003,Alger,Michigan,1646,1520,117
26005,Allegan,Michigan,11187,23301,965
26007,Alpena,Michigan,4546,4810,264
26009,Antrim,Michigan,3407,5881,231
26011,Arenac,Michigan,2459,2708,211
26013,Baraga,Michigan,1249,1180,58
26015,Barry,Michigan,6760,12824,480
26017,Bay,Michigan,19307,17899,996
26019,Benzie,Michigan,3183,3823,221
26021,Berrien,Michigan,18042,24173,1264
26023,Branch,Michigan,3907,7050,334
26025,Calhoun,Michigan,16709,20425,832
26027,Cass,Michigan,5425,7521,476
26029,Charlevoix,Michigan,3998,6255,296
26031,Cheboygan,Michigan,4005,5287,287
26033,Chippewa,Michigan,5166,5590,322
26035,Clare,Michigan,4210,4660,391
26037,Clinton,Michigan,12723,15946,449
26039,Crawford,Michigan,1962,2656,140
26041,Delta,Michigan,6054,7072,292
26043,Dickinson,Michigan,3374,5025,174
26045,Eaton,Michigan,20263,20026,752
26047,Emmet,Michigan,4580,8063,377
26055,Grand Traverse,Michigan,12992,19461,913
26049,Genesee,Michigan,79566,48896,3134
26051,Gladwin,Michigan,3735,4579,292
26053,Gogebic,Michigan,2628,2306,114
26057,Gratiot,Michigan,4986,5670,283
26059,Hillsdale,Michigan,4598,8309,406
26061,Houghton,Michigan,4449,5581,330
26063,Huron,Michigan,4377,7143,311
26065,Ingham,Michigan,50002,35392,1625
26067,Ionia,Michigan,7093,10424,493
26069,Iosco,Michigan,4063,5095,299
26071,Iron,Michigan,1839,2262,122
26073,Isabella,Michigan,7871,8031,536
26075,Jackson,Michigan,19563,25672,998
26077,Kalamazoo,Michigan,37524,41409,2227
26079,Kalkaska,Michigan,2202,3330,249
26081,Kent,Michigan,67289,116967,4116
26083,Keweenaw,Michigan,444,639,31
26085,Lake,Michigan,1656,1745,119
26087,Lapeer,Michigan,11614,17024,991
26089,Leelanau,Michigan,4600,6172,234
26091,Lenawee,Michigan,12664,15576,834
26093,Livingston,Michigan,21484,47113,1425
26095,Luce,Michigan,810,1046,57
26097,Mackinac,Michigan,1996,2414,99
26099,Macomb,Michigan,116651,142836,5616
26101,Manistee,Michigan,4652,4362,242
26103,Marquette,Michigan,12458,9264,532
26105,Mason,Michigan,4330,5455,278
26107,Mecosta,Michigan,4854,6491,352
26109,Menominee,Michigan,2729,3635,136
26111,Midland,Michigan,10607,17669,750
26113,Missaukee,Michigan,1541,3209,134
26115,Monroe,Michigan,21447,24271,1281
26117,Montcalm,Michigan,6686,9866,621
26119,Montmorency,Michigan,1497,1912,131
26121,Muskegon,Michigan,24752,22879,1440
26123,Newaygo,Michigan,5031,8980,517
26125,Oakland,Michigan,191375,247876,7415
26127,Oceana,Michigan,3045,4999,240
26129,Ogemaw,Michigan,3095,3622,266
26131,Ontonagon,Michigan,1156,1295,84
26133,Osceola,Michigan,2642,4337,259
26135,Oscoda,Michigan,1158,1498,122
26137,Otsego,Michigan,3211,5085,249
26139,Ottawa,Michigan,21956,65892,1701
26141,Presque Isle,Michigan,2365,2743,156
26143,Roscommon,Michigan,4070,4861,273
26145,Saginaw,Michigan,35370,30266,1509
26151,Sanilac,Michigan,4288,7986,368
26153,Schoolcraft,Michigan,1321,1507,61
26155,Shiawassee,Michigan,11251,12266,769
26147,St. Clair,Michigan,21546,28666,1550
26149,St. Joseph,Michigan,5308,9124,475
26157,Tuscola,Michigan,7530,9804,570
26159,Van Buren,Michigan,9250,12310,668
26161,Washtenaw,Michigan,68275,50394,2243
26163,Wayne,Michigan,323762,177691,8431
26165,Wexford,Michigan,3835,5868,338
27001,Aitkin,Minnesota,3533,3319,380
27003,Anoka,Minnesota,52062,59250,6376
27005,Becker,Minnesota,4738,6539,699
27007,Beltrami,Minnesota,7819,6520,1028
27009,Benton,Minnesota,5246,6976,854
27011,Big Stone,Minnesota,1065,930,117
27013,Blue Earth,Minnesota,10107,8500,1447
27015,Brown,Minnesota,3739,4998,584
27017,Carlton,Minnesota,8176,4776,875
27019,Carver,Minnesota,13328,21842,1645
27021,Cass,Minnesota,5104,6432,698
27023,Chippewa,Minnesota,2284,2116,254
27025,Chisago,Minnesota,8380,10645,1155
27027,Clay,Minnesota,9573,7139,1104
27029,Clearwater,Minnesota,1163,1547,172
27031,Cook,Minnesota,1769,919,208
27033,Cottonwood,Minnesota,1823,2225,240
27035,Crow Wing,Minnesota,11290,14005,1515
27037,Dakota,Minnesota,72052,72714,7371
27039,Dodge,Minnesota,2900,4190,541
27041,Douglas,Minnesota,6028,8471,789
27043,Faribault,Minnesota,2297,2795,323
27045,Fillmore,Minnesota,3710,4058,528
27047,Freeborn,Minnesota,6205,5414,766
27049,Goodhue,Minnesota,7516,8833,903
27051,Grant,Minnesota,1436,1245,167
27053,Hennepin,Minnesota,265820,160966,22026
27055,Houston,Minnesota,3672,3607,523
27057,Hubbard,Minnesota,3660,4584,447
27059,Isanti,Minnesota,5498,7539,857
27061,Itasca,Minnesota,10395,7460,1041
27063,Jackson,Minnesota,1575,2045,244
27065,Kanabec,Minnesota,2707,3060,435
27067,Kandiyohi,Minnesota,7528,8322,790
27069,Kittson,Minnesota,1060,770,110
27071,Koochiching,Minnesota,3056,1903,339
27073,Lac qui Parle,Minnesota,1513,1319,147
27075,Lake,Minnesota,3030,1792,300
27077,Lake of the Woods,Minnesota,755,984,146
27079,Le Sueur,Minnesota,4283,4826,590
27081,Lincoln,Minnesota,1047,1087,186
27083,Lyon,Minnesota,3460,4407,492
27087,Mahnomen,Minnesota,941,624,125
27089,Marshall,Minnesota,1916,1884,241
27091,Martin,Minnesota,2850,4449,514
27085,McLeod,Minnesota,4547,7009,829
27093,Meeker,Minnesota,3697,4811,627
27095,Mille Lacs,Minnesota,3867,4498,571
27097,Morrison,Minnesota,4993,7081,780
27099,Mower,Minnesota,6005,5064,722
27101,Murray,Minnesota,1510,1763,264
27103,Nicollet,Minnesota,6044,4927,799
27105,Nobles,Minnesota,2619,3026,362
27107,Norman,Minnesota,1429,813,160
27109,Olmsted,Minnesota,22718,24928,2645
27111,Otter Tail,Minnesota,8494,12533,1075
27113,Pennington,Minnesota,2356,2325,406
27115,Pine,Minnesota,4960,4762,662
27117,Pipestone,Minnesota,1296,2211,277
27119,Polk,Minnesota,4476,4742,531
27121,Pope,Minnesota,2351,2297,279
27123,Ramsey,Minnesota,113223,57295,9707
27125,Red Lake,Minnesota,724,624,108
27127,Redwood,Minnesota,2025,3123,341
27129,Renville,Minnesota,2563,2808,346
27131,Rice,Minnesota,11121,9048,1221
27133,Rock,Minnesota,1137,1804,192
27135,Roseau,Minnesota,1925,3136,313
27139,Scott,Minnesota,17142,25586,2356
27141,Sherburne,Minnesota,10784,17795,1794
27143,Sibley,Minnesota,2244,3268,479
27137,St. Louis,Minnesota,50484,26423,4404
27145,Stearns,Minnesota,21242,26753,3022
27147,Steele,Minnesota,5245,6576,720
27149,Stevens,Minnesota,2027,1966,241
27151,Swift,Minnesota,2189,1665,252
27153,Todd,Minnesota,3558,4708,536
27155,Traverse,Minnesota,811,617,93
27157,Wabasha,Minnesota,3635,4228,497
27159,Wadena,Minnesota,1877,2932,290
27161,Waseca,Minnesota,2890,3224,441
27163,Washington,Minnesota,44451,46922,4277
27165,Watonwan,Minnesota,1764,1687,240
27167,Wilkin,Minnesota,988,1198,126
27169,Winona,Minnesota,7829,6977,1026
27171,Wright,Minnesota,15901,26172,2527
27173,Yellow Medicine,Minnesota,1863,1906,206
31001,Adams,Nebraska,3173,5065,339
31003,Antelope,Nebraska,797,1602,88
31005,Arthur,Nebraska,31,143,7
31007,Banner,Nebraska,37,242,13
31009,Blaine,Nebraska,38,157,6
31011,Boone,Nebraska,764,1342,65
31013,Box Butte,Nebraska,852,2033,145
31015,Boyd,Nebraska,299,602,37
31017,Brown,Nebraska,293,761,58
31019,Buffalo,Nebraska,4131,8616,564
31021,Burt,Nebraska,1449,1305,105
31023,Butler,Nebraska,1171,1826,128
31025,Cass,Nebraska,3057,5107,435
31027,Cedar,Nebraska,876,2050,98
31029,Chase,Nebraska,321,1030,41
31031,Cherry,Nebraska,382,1749,96
31033,Cheyenne,Nebraska,612,2137,103
31035,Clay,Nebraska,698,1348,102
31037,Colfax,Nebraska,772,1121,79
31039,Cuming,Nebraska,1038,1780,85
31041,Custer,Nebraska,1249,2741,201
31043,Dakota,Nebraska,1487,2141,126
31045,Dawes,Nebraska,681,1904,138
31047,Dawson,Nebraska,1664,3653,219
31049,Deuel,Nebraska,104,555,37
31051,Dixon,Nebraska,649,1237,58
31053,Dodge,Nebraska,4166,5756,500
31055,Douglas,Nebraska,65979,74049,4492
31057,Dundy,Nebraska,136,531,28
31059,Fillmore,Nebraska,872,1330,96
31061,Franklin,Nebraska,440,838,65
31063,Frontier,Nebraska,255,656,40
31065,Furnas,Nebraska,477,1100,91
31067,Gage,Nebraska,3195,3802,332
31069,Garden,Nebraska,112,498,24
31071,Garfield,Nebraska,203,498,21
31073,Gosper,Nebraska,206,513,24
31075,Grant,Nebraska,37,216,15
31077,Greeley,Nebraska,335,437,40
31079,Hall,Nebraska,5558,7741,621
31081,Hamilton,Nebraska,1077,2393,168
31083,Harlan,Nebraska,385,881,63
31085,Hayes,Nebraska,88,348,19
31087,Hitchcock,Nebraska,325,780,48
31089,Holt,Nebraska,1108,2424,141
31091,Hooker,Nebraska,57,218,10
31093,Howard,Nebraska,832,1133,117
31095,Jefferson,Nebraska,1018,1434,116
31097,Johnson,Nebraska,728,887,74
31099,Kearney,Nebraska,777,1704,97
31101,Keith,Nebraska,517,1996,93
31103,Keya Paha,Nebraska,92,275,14
31105,Kimball,Nebraska,240,916,65
31107,Knox,Nebraska,1019,2063,114
31109,Lancaster,Nebraska,42323,41216,2542
31111,Lincoln,Nebraska,3372,6872,412
31113,Logan,Nebraska,66,272,12
31115,Loup,Nebraska,103,202,16
31119,Madison,Nebraska,2628,6293,381
31117,McPherson,Nebraska,49,178,14
31121,Merrick,Nebraska,948,1813,138
31123,Morrill,Nebraska,301,1184,60
31125,Nance,Nebraska,501,615,54
31127,Nemaha,Nebraska,877,1409,116
31129,Nuckolls,Nebraska,587,865,68
31131,Otoe,Nebraska,1938,3251,232
31133,Pawnee,Nebraska,376,672,37
31135,Perkins,Nebraska,252,764,25
31137,Phelps,Nebraska,904,2310,126
31139,Pierce,Nebraska,570,1702,76
31141,Platte,Nebraska,2823,6133,312
31143,Polk,Nebraska,509,1197,56
31145,Red Willow,Nebraska,878,2489,149
31147,Richardson,Nebraska,964,1512,112
31149,Rock,Nebraska,176,416,28
31151,Saline,Nebraska,1913,1638,139
31153,Sarpy,Nebraska,16078,26932,1737
31155,Saunders,Nebraska,2609,4378,300
31157,Scotts Bluff,Nebraska,2676,6671,341
31159,Seward,Nebraska,2066,3224,178
31161,Sheridan,Nebraska,261,1388,74
31163,Sherman,Nebraska,625,637,64
31165,Sioux,Nebraska,69,449,17
31167,Stanton,Nebraska,493,1183,54
31169,Thayer,Nebraska,707,1158,95
31171,Thomas,Nebraska,59,242,9
31173,Thurston,Nebraska,796,626,26
31175,Valley,Nebraska,559,1011,60
31177,Washington,Nebraska,2256,4354,263
31179,Wayne,Nebraska,865,1744,77
31181,Webster,Nebraska,479,756,41
31183,Wheeler,Nebraska,141,255,17
31185,York,Nebraska,1249,3076,187
32510,Carson City,Nevada,2410,12108,1129
32001,Churchill,Nevada,666,6356,433
32003,Clark,Nevada,97097,223433,17157
32005,Douglas,Nevada,2174,14910,942
32007,Elko,Nevada,1119,8038,1043
32009,Esmeralda,Nevada,42,273,40
32011,Eureka,Nevada,53,533,114
32013,Humboldt,Nevada,459,3633,257
32015,Lander,Nevada,163,1475,125
32017,Lincoln,Nevada,146,1323,140
32019,Lyon,Nevada,1643,11659,879
32021,Mineral,Nevada,210,1102,94
32023,Nye,Nevada,2005,9095,1067
32027,Pershing,Nevada,174,1228,154
32029,Storey,Nevada,265,1462,169
32031,Washoe,Nevada,21598,87739,6228
32033,White Pine,Nevada,498,1973,316
33003,Carroll,New Hampshire,10332,10316,32
33005,Cheshire,New Hampshire,16440,10611,73
33007,Coos,New Hampshire,6429,4151,15
33009,Grafton,New Hampshire,20155,12884,0
33011,Hillsborough,New Hampshire,67525,70041,327
33013,Merrimack,New Hampshire,32365,24608,127
33015,Rockingham,New Hampshire,57743,60538,170
33017,Strafford,New Hampshire,24032,18026,98
33019,Sullivan,New Hampshire,8576,6832,24
33001,Belknap,New Hampshire,11069,12603,41
35001,Bernalillo,New Mexico,76500,93442,0
35003,Catron,New Mexico,302,1413,0
35005,Chaves,New Mexico,2911,10094,0
35006,Cibola,New Mexico,2387,3296,0
35007,Colfax,New Mexico,1451,2806,0
35009,Curry,New Mexico,2336,5628,0
35011,De Baca,New Mexico,183,615,0
35013,Dona Ana,New Mexico,19178,22161,0
35015,Eddy,New Mexico,2581,9046,0
35017,Grant,New Mexico,4157,4965,0
35019,Guadalupe,New Mexico,769,1105,0
35021,Harding,New Mexico,170,349,0
35023,Hidalgo,New Mexico,477,1001,0
35025,Lea,New Mexico,2017,7070,0
35027,Lincoln,New Mexico,1283,4904,0
35028,Los Alamos,New Mexico,3128,4773,0
35029,Luna,New Mexico,1680,3169,0
35031,McKinley,New Mexico,7393,7465,0
35033,Mora,New Mexico,1153,962,0
35035,Otero,New Mexico,2983,9825,0
35037,Quay,New Mexico,858,1820,0
35039,Rio Arriba,New Mexico,5651,4490,0
35041,Roosevelt,New Mexico,1250,2534,0
35045,San Juan,New Mexico,7497,22461,0
35047,San Miguel,New Mexico,4755,3247,0
35043,Sandoval,New Mexico,14661,23805,0
35049,Santa Fe,New Mexico,32658,15702,0
35051,Sierra,New Mexico,1007,2684,0
35053,Socorro,New Mexico,2263,3050,0
35055,Taos,New Mexico,6943,3695,0
35057,Torrance,New Mexico,1595,3038,0
35059,Union,New Mexico,406,984,0
35061,Valencia,New Mexico,6779,11844,0
36001,Albany,New York,38498,35061,12389
36003,Allegany,New York,3036,8393,452
36007,Broome,New York,26371,22353,3371
36009,Cattaraugus,New York,6425,11885,709
36011,Cayuga,New York,9177,10570,1385
36013,Chautauqua,New York,13163,19771,1304
36015,Chemung,New York,8535,13540,690
36017,Chenango,New York,4356,6784,833
36019,Clinton,New York,10809,7697,888
36021,Columbia,New York,8403,9772,2298
36023,Cortland,New York,4396,6422,936
36025,Delaware,New York,4341,7446,950
36027,Dutchess,New York,33306,37832,4250
36029,Erie,New York,125617,103801,10302
36031,Essex,New York,5722,4422,641
36033,Franklin,New York,5057,4698,590
36035,Fulton,New York,3964,8907,713
36037,Genesee,New York,4285,11320,552
36039,Greene,New York,4920,9175,1089
36041,Hamilton,New York,647,1611,135
36043,Herkimer,New York,5325,8755,1061
36045,Jefferson,New York,10700,11853,1138
36049,Lewis,New York,2343,4073,376
36051,Livingston,New York,4985,12663,793
36053,Madison,New York,7135,9656,1524
36055,Monroe,New York,94595,96933,9951
36057,Montgomery,New York,4464,7534,740
36059,Nassau,New York,168570,140842,9536
36063,Niagara,New York,22622,28877,1690
36065,Oneida,New York,22621,25045,3278
36067,Onondaga,New York,69579,53487,11377
36069,Ontario,New York,11247,19336,1509
36071,Orange,New York,37617,45137,3553
36073,Orleans,New York,2318,6778,310
36075,Oswego,New York,11017,16033,1823
36077,Otsego,New York,6097,8032,1741
36079,Putnam,New York,11325,15042,1064
36083,Rensselaer,New York,16481,24848,5043
36087,Rockland,New York,37453,32914,2339
36091,Saratoga,New York,24866,37105,5872
36093,Schenectady,New York,17713,21445,4435
36095,Schoharie,New York,2741,6240,826
36097,Schuyler,New York,1890,3660,422
36099,Seneca,New York,3330,5263,583
36089,St. Lawrence,New York,11407,11766,1559
36101,Steuben,New York,8458,18250,875
36103,Suffolk,New York,155031,156351,11936
36105,Sullivan,New York,6278,10005,1033
36107,Tioga,New York,5082,7636,795
36109,Tompkins,New York,13850,7552,4474
36111,Ulster,New York,22080,23934,6006
36113,Warren,New York,6767,10605,1699
36115,Washington,New York,4866,8699,1335
36117,Wayne,New York,7130,16690,1082
36119,Westchester,New York,123017,92441,6530
36121,Wyoming,New York,2455,8596,318
36123,Yates,New York,2086,4091,354
36005,Bronx,New York,120007,15288,3284
36047,Kings,New York,236357,44726,18825
36061,New York,New York,203080,32656,18997
36081,Queens,New York,179742,50600,9651
36085,Richmond,New York,43725,34180,1937
39001,Adams,Ohio,1462,4499,139
39003,Allen,Ohio,7091,19587,581
39005,Ashland,Ohio,3177,11267,405
39007,Ashtabula,Ohio,10082,15390,964
39009,Athens,Ohio,7855,5589,964
39011,Auglaize,Ohio,2287,11031,279
39013,Belmont,Ohio,8410,10205,529
39015,Brown,Ohio,2731,8550,266
39017,Butler,Ohio,21551,62438,2117
39019,Carroll,Ohio,2137,5401,265
39021,Champaign,Ohio,2575,8522,339
39023,Clark,Ohio,11957,25640,917
39025,Clermont,Ohio,9647,39395,1514
39027,Clinton,Ohio,1752,7573,251
39029,Columbiana,Ohio,7217,18895,813
39031,Coshocton,Ohio,2489,6365,233
39033,Crawford,Ohio,2778,8870,252
39035,Cuyahoga,Ohio,149986,172319,14464
39037,Darke,Ohio,2220,12213,246
39039,Defiance,Ohio,2831,7747,275
39041,Delaware,Ohio,12355,44685,1676
39043,Erie,Ohio,8512,13944,681
39045,Fairfield,Ohio,10851,28614,1089
39047,Fayette,Ohio,1339,4821,144
39049,Franklin,Ohio,115871,161747,13245
39051,Fulton,Ohio,2718,7845,275
39053,Gallia,Ohio,2088,5047,210
39055,Geauga,Ohio,6579,23072,1065
39057,Greene,Ohio,11811,35734,1354
39059,Guernsey,Ohio,3111,6794,286
39061,Hamilton,Ohio,85535,142066,8684
39063,Hancock,Ohio,3451,15743,489
39065,Hardin,Ohio,1544,4806,151
39067,Harrison,Ohio,1599,2875,164
39069,Henry,Ohio,1717,5948,195
39071,Highland,Ohio,2078,7718,208
39073,Hocking,Ohio,2418,4894,242
39075,Holmes,Ohio,943,5398,172
39077,Huron,Ohio,3838,9776,407
39079,Jackson,Ohio,2217,4579,224
39081,Jefferson,Ohio,7342,10974,636
39083,Knox,Ohio,3840,12747,574
39085,Lake,Ohio,19698,46189,2083
39087,Lawrence,Ohio,4817,9120,409
39089,Licking,Ohio,11999,33620,1516
39091,Logan,Ohio,2343,10118,328
39093,Lorain,Ohio,27859,47256,2705
39095,Lucas,Ohio,48179,53808,4029
39097,Madison,Ohio,2348,7492,322
39099,Mahoning,Ohio,28376,35578,2322
39101,Marion,Ohio,4147,11129,522
39103,Medina,Ohio,12117,34541,1479
39105,Meigs,Ohio,1811,3612,243
39107,Mercer,Ohio,1914,10155,184
39109,Miami,Ohio,5693,24735,646
39111,Monroe,Ohio,2577,2197,191
39113,Montgomery,Ohio,51664,90683,3483
39115,Morgan,Ohio,1189,2579,123
39117,Morrow,Ohio,2270,7168,309
39119,Muskingum,Ohio,5482,14658,628
39121,Noble,Ohio,1319,2331,133
39123,Ottawa,Ohio,4938,9432,497
39125,Paulding,Ohio,1638,3850,187
39127,Perry,Ohio,2788,5840,271
39129,Pickaway,Ohio,3058,9964,321
39131,Pike,Ohio,2649,4367,162
39133,Portage,Ohio,13545,25432,1806
39135,Preble,Ohio,2155,9056,262
39137,Putnam,Ohio,2009,8808,190
39139,Richland,Ohio,9039,23122,729
39141,Ross,Ohio,5248,10855,488
39143,Sandusky,Ohio,4933,11027,560
39145,Scioto,Ohio,7617,9864,553
39147,Seneca,Ohio,3722,9662,394
39149,Shelby,Ohio,2420,11200,291
39151,Stark,Ohio,30705,67948,2779
39153,Summit,Ohio,50865,79004,4825
39155,Trumbull,Ohio,23536,31382,2018
39157,Tuscarawas,Ohio,7618,15361,642
39159,Union,Ohio,2598,10987,445
39161,Van Wert,Ohio,1512,5353,168
39163,Vinton,Ohio,1079,1993,123
39165,Warren,Ohio,11427,46167,1279
39167,Washington,Ohio,5659,12152,525
39169,Wayne,Ohio,5951,19962,828
39171,Williams,Ohio,2245,7066,304
39173,Wood,Ohio,11482,22296,1264
39175,Wyandot,Ohio,1129,4406,156
40001,Adair,Oklahoma,1737,2238,174
40003,Alfalfa,Oklahoma,530,972,46
40005,Atoka,Oklahoma,1527,1825,135
40007,Beaver,Oklahoma,343,1110,63
40009,Beckham,Oklahoma,1701,2785,166
40011,Blaine,Oklahoma,970,1589,84
40013,Bryan,Oklahoma,4122,4337,299
40015,Caddo,Oklahoma,3082,2625,112
40017,Canadian,Oklahoma,8708,18456,850
40019,Carter,Oklahoma,4241,5990,494
40021,Cherokee,Oklahoma,4655,4093,337
40023,Choctaw,Oklahoma,1282,1743,104
40025,Cimarron,Oklahoma,137,576,52
40027,Cleveland,Oklahoma,27247,30989,1991
40029,Coal,Oklahoma,937,749,65
40031,Comanche,Oklahoma,9299,10091,610
40033,Cotton,Oklahoma,730,902,52
40035,Craig,Oklahoma,1491,1958,115
40037,Creek,Oklahoma,5210,9618,509
40039,Custer,Oklahoma,2124,4210,184
40041,Delaware,Oklahoma,3126,5614,250
40043,Dewey,Oklahoma,454,996,46
40045,Ellis,Oklahoma,316,888,43
40047,Garfield,Oklahoma,4906,7247,530
40049,Garvin,Oklahoma,2428,3417,189
40051,Grady,Oklahoma,5568,7027,317
40053,Grant,Oklahoma,558,979,61
40055,Greer,Oklahoma,616,820,52
40057,Harmon,Oklahoma,269,404,13
40059,Harper,Oklahoma,289,750,38
40061,Haskell,Oklahoma,1176,1254,57
40063,Hughes,Oklahoma,1262,1555,105
40065,Jackson,Oklahoma,1018,3071,118
40067,Jefferson,Oklahoma,555,640,45
40069,Johnston,Oklahoma,1119,1133,104
40071,Kay,Oklahoma,3551,6131,307
40073,Kingfisher,Oklahoma,948,2662,96
40075,Kiowa,Oklahoma,1090,1305,63
40077,Latimer,Oklahoma,1266,1016,78
40079,Le Flore,Oklahoma,4074,5281,465
40081,Lincoln,Oklahoma,3001,5377,337
40083,Logan,Oklahoma,3462,6864,363
40085,Love,Oklahoma,877,1177,93
40093,Major,Oklahoma,693,1417,90
40095,Marshall,Oklahoma,1494,1792,133
40097,Mayes,Oklahoma,4016,5158,337
40087,McClain,Oklahoma,3210,5593,260
40089,McCurtain,Oklahoma,2917,3445,361
40091,McIntosh,Oklahoma,2098,2361,150
40099,Murray,Oklahoma,1251,1606,95
40101,Muskogee,Oklahoma,7039,6822,469
40103,Noble,Oklahoma,927,1901,90
40105,Nowata,Oklahoma,953,1656,96
40107,Okfuskee,Oklahoma,1254,1290,91
40109,Oklahoma,Oklahoma,71431,79853,4356
40111,Okmulgee,Oklahoma,3780,4165,256
40113,Osage,Oklahoma,5009,5861,383
40115,Ottawa,Oklahoma,2066,2950,202
40117,Pawnee,Oklahoma,1346,2191,136
40119,Payne,Oklahoma,7088,7954,438
40121,Pittsburg,Oklahoma,4599,5163,408
40123,Pontotoc,Oklahoma,4051,3664,257
40125,Pottawatomie,Oklahoma,5237,8909,475
40127,Pushmataha,Oklahoma,1136,1319,120
40129,Roger Mills,Oklahoma,409,778,32
40131,Rogers,Oklahoma,7167,14048,730
40133,Seminole,Oklahoma,1955,2663,151
40135,Sequoyah,Oklahoma,3649,4676,315
40137,Stephens,Oklahoma,4613,6393,362
40139,Texas,Oklahoma,639,2466,123
40141,Tillman,Oklahoma,644,991,58
40143,Tulsa,Oklahoma,53073,74867,3709
41001,Baker,Oregon,1951,4842,323
41003,Benton,Oregon,21694,13245,2160
41005,Clackamas,Oregon,70071,77059,7867
41007,Clatsop,Oregon,6449,6550,1138
41009,Columbia,Oregon,8477,9887,1471
41011,Coos,Oregon,10120,12260,1546
41013,Crook,Oregon,2601,5753,508
41015,Curry,Oregon,3946,5211,535
41017,Deschutes,Oregon,31518,34104,3441
41019,Douglas,Oregon,13829,24553,2899
41021,Gilliam,Oregon,284,546,48
41023,Grant,Oregon,834,2294,141
41025,Harney,Oregon,724,2083,151
41027,Hood River,Oregon,4875,2988,426
41029,Jackson,Oregon,35235,43498,3855
41031,Jefferson,Oregon,2333,4048,432
41033,Josephine,Oregon,12032,19926,2002
41035,Klamath,Oregon,6416,15155,1265
41037,Lake,Oregon,736,2310,145
41039,Lane,Oregon,82132,53156,8535
41041,Lincoln,Oregon,10469,7609,1289
41043,Linn,Oregon,14890,25463,2831
41045,Malheur,Oregon,1904,5226,418
41047,Marion,Oregon,41858,53377,6021
41049,Morrow,Oregon,870,2065,198
41051,Multnomah,Oregon,202617,66780,20273
41053,Polk,Oregon,12375,15809,1686
41055,Sherman,Oregon,252,596,43
41057,Tillamook,Oregon,4907,4895,706
41059,Umatilla,Oregon,5517,12337,994
41061,Union,Oregon,3087,6526,536
41063,Wallowa,Oregon,1008,2474,129
41065,Wasco,Oregon,3959,4557,629
41067,Washington,Oregon,98203,81484,11185
41069,Wheeler,Oregon,203,440,42
41071,Yamhill,Oregon,14854,19436,2077
42001,Adams,Pennsylvania,11130,16790,0
42003,Allegheny,Pennsylvania,207017,148057,0
42005,Armstrong,Pennsylvania,7195,11520,0
42007,Beaver,Pennsylvania,24456,23302,0
42009,Bedford,Pennsylvania,4786,9050,0
42011,Berks,Pennsylvania,51840,50005,0
42013,Blair,Pennsylvania,12800,17718,0
42015,Bradford,Pennsylvania,5082,9905,0
42017,Bucks,Pennsylvania,103812,94584,0
42019,Butler,Pennsylvania,20171,35818,0
42021,Cambria,Pennsylvania,22021,18325,0
42023,Cameron,Pennsylvania,609,779,0
42025,Carbon,Pennsylvania,9163,7864,0
42027,Centre,Pennsylvania,22393,16489,0
42029,Chester,Pennsylvania,80701,75097,0
42031,Clarion,Pennsylvania,4371,6418,0
42033,Clearfield,Pennsylvania,9682,11161,0
42035,Clinton,Pennsylvania,4583,3929,0
42037,Columbia,Pennsylvania,6572,8585,0
42039,Crawford,Pennsylvania,9994,13219,0
42041,Cumberland,Pennsylvania,31311,43625,0
42043,Dauphin,Pennsylvania,40376,39111,0
42045,Delaware,Pennsylvania,110934,71180,0
42047,Elk,Pennsylvania,4273,4536,0
42049,Erie,Pennsylvania,42115,30389,0
42051,Fayette,Pennsylvania,18102,13129,0
42053,Forest,Pennsylvania,815,820,0
42055,Franklin,Pennsylvania,12461,25913,0
42057,Fulton,Pennsylvania,1111,2650,0
42059,Greene,Pennsylvania,5230,4080,0
42061,Huntingdon,Pennsylvania,5500,7247,0
42063,Indiana,Pennsylvania,10223,12199,0
42065,Jefferson,Pennsylvania,4375,7458,0
42067,Juniata,Pennsylvania,2172,4431,0
42069,Lackawanna,Pennsylvania,41680,18081,0
42071,Lancaster,Pennsylvania,57594,83179,0
42073,Lawrence,Pennsylvania,11996,11166,0
42075,Lebanon,Pennsylvania,13629,22738,0
42077,Lehigh,Pennsylvania,44658,36894,0
42079,Luzerne,Pennsylvania,41609,32605,0
42081,Lycoming,Pennsylvania,10997,20106,0
42083,McKean,Pennsylvania,2945,5311,0
42085,Mercer,Pennsylvania,14466,15397,0
42087,Mifflin,Pennsylvania,3492,7318,0
42089,Monroe,Pennsylvania,19864,15046,0
42091,Montgomery,Pennsylvania,156200,104726,0
42093,Montour,Pennsylvania,2123,2900,0
42095,Northampton,Pennsylvania,40753,33354,0
42097,Northumberland,Pennsylvania,10852,10666,0
42099,Perry,Pennsylvania,4344,8679,0
42101,Philadelphia,Pennsylvania,333539,45268,0
42103,Pike,Pennsylvania,5365,7553,0
42105,Potter,Pennsylvania,1524,3140,0
42107,Schuylkill,Pennsylvania,20544,17168,0
42109,Snyder,Pennsylvania,3982,5772,0
42111,Somerset,Pennsylvania,9599,13150,0
42113,Sullivan,Pennsylvania,778,1325,0
42115,Susquehanna,Pennsylvania,4300,7805,0
42117,Tioga,Pennsylvania,3541,7929,0
42119,Union,Pennsylvania,4784,5362,0
42121,Venango,Pennsylvania,6333,7771,0
42123,Warren,Pennsylvania,4965,6194,0
42125,Washington,Pennsylvania,29058,31203,0
42127,Wayne,Pennsylvania,6087,7621,0
42129,Westmoreland,Pennsylvania,45501,60716,0
42131,Wyoming,Pennsylvania,3491,4381,0
42133,York,Pennsylvania,52386,69604,0
45001,Abbeville,South Carolina,2756,4256,190
45003,Aiken,South Carolina,14126,30491,901
45005,Allendale,South Carolina,1671,581,53
45007,Anderson,South Carolina,12051,31855,1334
45009,Bamberg,South Carolina,3133,1700,73
45011,Barnwell,South Carolina,2940,3114,108
45013,Beaufort,South Carolina,16849,30241,715
45015,Berkeley,South Carolina,17008,24639,1536
45017,Calhoun,South Carolina,2773,2335,109
45019,Charleston,South Carolina,48447,47735,3640
45021,Cherokee,South Carolina,3603,8377,368
45023,Chester,South Carolina,3695,4058,271
45025,Chesterfield,South Carolina,4942,5159,204
45027,Clarendon,South Carolina,5691,4526,148
45029,Colleton,South Carolina,5044,5507,251
45031,Darlington,South Carolina,9477,8772,416
45033,Dillon,South Carolina,3232,3001,186
45035,Dorchester,South Carolina,13193,20027,1193
45037,Edgefield,South Carolina,2722,4190,116
45039,Fairfield,South Carolina,5057,2896,243
45041,Florence,South Carolina,17538,18027,881
45043,Georgetown,South Carolina,8619,11445,466
45045,Greenville,South Carolina,38414,83784,3247
45047,Greenwood,South Carolina,6578,10852,355
45049,Hampton,South Carolina,3657,2124,113
45051,Horry,South Carolina,19252,47302,2023
45053,Jasper,South Carolina,3519,3027,156
45055,Kershaw,South Carolina,9430,9744,403
45057,Lancaster,South Carolina,7695,12103,360
45059,Laurens,South Carolina,5169,9665,342
45061,Lee,South Carolina,4008,1718,71
45063,Lexington,South Carolina,24179,48453,3380
45067,Marion,South Carolina,5589,2985,168
45069,Marlboro,South Carolina,3826,2244,179
45065,McCormick,South Carolina,1578,1985,56
45071,Newberry,South Carolina,4346,6247,376
45073,Oconee,South Carolina,4999,14819,606
45075,Orangeburg,South Carolina,20111,7630,327
45077,Pickens,South Carolina,5849,20822,728
45079,Richland,South Carolina,73904,34902,2884
45081,Saluda,South Carolina,2020,3496,135
45083,Spartanburg,South Carolina,20906,42447,1700
45085,Sumter,South Carolina,16674,12822,528
45087,Union,South Carolina,3156,4506,247
45089,Williamsburg,South Carolina,7307,3278,204
45091,York,South Carolina,19433,36758,1500
46003,Aurora,South Dakota,312,776,51
46005,Beadle,South Dakota,1433,3974,197
46007,Bennett,South Dakota,276,606,38
46009,Bon Homme,South Dakota,577,1718,103
46011,Brookings,South Dakota,2792,6105,327
46013,Brown,South Dakota,3864,7801,354
46015,Brule,South Dakota,388,1323,54
46017,Buffalo,South Dakota,244,188,23
46019,Butte,South Dakota,513,2484,207
46021,Campbell,South Dakota,82,516,24
46023,Charles Mix,South Dakota,893,2172,114
46025,Clark,South Dakota,324,1140,67
46027,Clay,South Dakota,1372,2124,260
46029,Codington,South Dakota,2158,6656,295
46031,Corson,South Dakota,363,491,56
46033,Custer,South Dakota,780,2735,195
46035,Davison,South Dakota,1255,4590,203
46037,Day,South Dakota,1065,1256,83
46039,Deuel,South Dakota,484,1203,75
46041,Dewey,South Dakota,666,721,69
46043,Douglas,South Dakota,171,1121,30
46045,Edmunds,South Dakota,380,1288,46
46047,Fall River,South Dakota,609,2125,179
46049,Faulk,South Dakota,157,712,23
46051,Grant,South Dakota,827,1981,87
46053,Gregory,South Dakota,366,1369,72
46055,Haakon,South Dakota,72,774,20
46057,Hamlin,South Dakota,472,1670,90
46059,Hand,South Dakota,290,1172,32
46061,Hanson,South Dakota,280,1005,54
46063,Harding,South Dakota,47,517,46
46065,Hughes,South Dakota,1113,5688,156
46067,Hutchinson,South Dakota,466,2215,86
46069,Hyde,South Dakota,111,479,13
46071,Jackson,South Dakota,233,616,57
46073,Jerauld,South Dakota,197,627,16
46075,Jones,South Dakota,60,390,13
46077,Kingsbury,South Dakota,568,1480,65
46079,Lake,South Dakota,1205,3493,172
46081,Lawrence,South Dakota,2000,6434,462
46083,Lincoln,South Dakota,3513,12768,589
46085,Lyman,South Dakota,318,863,56
46091,Marshall,South Dakota,970,760,33
46087,McCook,South Dakota,462,1522,73
46089,McPherson,South Dakota,160,848,20
46093,Meade,South Dakota,1373,6503,432
46095,Mellette,South Dakota,224,424,33
46097,Miner,South Dakota,224,621,31
46099,Minnehaha,South Dakota,14716,37228,2320
46101,Moody,South Dakota,638,1658,97
46103,Pennington,South Dakota,7551,24340,1564
46105,Perkins,South Dakota,184,1066,77
46107,Potter,South Dakota,170,973,23
46109,Roberts,South Dakota,1346,1787,86
46111,Sanborn,South Dakota,203,634,28
46102,Oglala Lakota,South Dakota,1875,590,206
46115,Spink,South Dakota,650,1812,72
46117,Stanley,South Dakota,208,1042,42
46119,Sully,South Dakota,96,565,20
46121,Todd,South Dakota,1354,658,132
46123,Tripp,South Dakota,348,1793,52
46125,Turner,South Dakota,713,2373,211
46127,Union,South Dakota,1092,3754,255
46129,Walworth,South Dakota,370,1493,52
46135,Yankton,South Dakota,2088,5310,326
46137,Ziebach,South Dakota,238,357,33
47001,Anderson,Tennessee,3171,13367,1220
47003,Bedford,Tennessee,1227,5653,560
47005,Benton,Tennessee,991,2415,325
47007,Bledsoe,Tennessee,620,1786,167
47009,Blount,Tennessee,4171,23653,1836
47011,Bradley,Tennessee,2528,16709,848
47013,Campbell,Tennessee,1145,4981,308
47015,Cannon,Tennessee,546,1977,247
47017,Carroll,Tennessee,1430,4313,459
47019,Carter,Tennessee,1530,8376,871
47021,Cheatham,Tennessee,1535,6191,798
47023,Chester,Tennessee,510,2659,215
47025,Claiborne,Tennessee,948,4015,306
47027,Clay,Tennessee,378,963,104
47029,Cocke,Tennessee,1032,5615,524
47031,Coffee,Tennessee,2008,7986,929
47033,Crockett,Tennessee,558,2222,150
47035,Cumberland,Tennessee,2543,12978,905
47037,Davidson,Tennessee,47438,71661,14854
47039,Decatur,Tennessee,510,1634,148
47041,DeKalb,Tennessee,834,2423,314
47043,Dickson,Tennessee,2297,6830,758
47045,Dyer,Tennessee,1162,5710,472
47047,Fayette,Tennessee,1976,8141,437
47049,Fentress,Tennessee,617,2371,251
47051,Franklin,Tennessee,2022,6595,673
47053,Gibson,Tennessee,2300,7819,1001
47055,Giles,Tennessee,1229,3922,378
47057,Grainger,Tennessee,635,3274,239
47059,Greene,Tennessee,2118,10146,1038
47061,Grundy,Tennessee,645,1556,199
47063,Hamblen,Tennessee,1515,8978,594
47065,Hamilton,Tennessee,19462,56750,3429
47067,Hancock,Tennessee,166,676,78
47069,Hardeman,Tennessee,1809,2891,188
47071,Hardin,Tennessee,764,4046,240
47073,Hawkins,Tennessee,1575,8730,639
47075,Haywood,Tennessee,1341,1940,92
47077,Henderson,Tennessee,790,3836,362
47079,Henry,Tennessee,1533,5297,449
47081,Hickman,Tennessee,976,2956,341
47083,Houston,Tennessee,634,1005,152
47085,Humphreys,Tennessee,1201,2512,461
47087,Jackson,Tennessee,611,1451,214
47089,Jefferson,Tennessee,1370,8423,645
47091,Johnson,Tennessee,484,2547,222
47093,Knox,Tennessee,15986,78571,7419
47095,Lake,Tennessee,409,629,125
47097,Lauderdale,Tennessee,1201,2652,230
47099,Lawrence,Tennessee,1681,6264,586
47101,Lewis,Tennessee,531,1857,225
47103,Lincoln,Tennessee,1077,4720,438
47105,Loudon,Tennessee,1610,12015,734
47111,Macon,Tennessee,483,2436,244
47113,Madison,Tennessee,6640,14563,1328
47115,Marion,Tennessee,1685,4233,286
47117,Marshall,Tennessee,1224,4279,435
47119,Maury,Tennessee,4145,12790,1531
47107,McMinn,Tennessee,1654,8120,496
47109,McNairy,Tennessee,1032,4019,298
47121,Meigs,Tennessee,439,1683,138
47123,Monroe,Tennessee,1788,7567,460
47125,Montgomery,Tennessee,7073,20185,1805
47127,Moore,Tennessee,306,1145,114
47129,Morgan,Tennessee,962,2453,194
47131,Obion,Tennessee,1369,4428,809
47133,Overton,Tennessee,1025,2613,337
47135,Perry,Tennessee,327,945,134
47137,Pickett,Tennessee,328,1154,129
47139,Polk,Tennessee,829,2505,177
47141,Putnam,Tennessee,2727,10425,1181
47143,Rhea,Tennessee,873,4792,251
47145,Roane,Tennessee,2178,10310,917
47147,Robertson,Tennessee,2501,10177,1111
47149,Rutherford,Tennessee,11323,36467,4204
47151,Scott,Tennessee,630,2318,139
47153,Sequatchie,Tennessee,549,2418,139
47155,Sevier,Tennessee,2205,15400,1084
47157,Shelby,Tennessee,69193,107089,8981
47159,Smith,Tennessee,1048,2720,358
47161,Stewart,Tennessee,760,1999,223
47163,Sullivan,Tennessee,4399,26837,1876
47165,Sumner,Tennessee,6121,28090,2391
47167,Tipton,Tennessee,2104,9636,628
47169,Trousdale,Tennessee,392,965,119
47171,Unicoi,Tennessee,596,2999,335
47173,Union,Tennessee,520,2311,173
47175,Van Buren,Tennessee,483,903,126
47177,Warren,Tennessee,1648,5285,610
47179,Washington,Tennessee,4485,19707,2104
47181,Wayne,Tennessee,423,2122,187
47183,Weakley,Tennessee,1600,5082,683
47185,White,Tennessee,1214,4030,457
47187,Williamson,Tennessee,7501,45329,4030
47189,Wilson,Tennessee,5075,22580,2076
48001,Anderson,Texas,2286,7732,195
48003,Andrews,Texas,203,1988,30
48005,Angelina,Texas,3686,12940,176
48007,Aransas,Texas,1480,4460,130
48009,Archer,Texas,302,2297,37
48011,Armstrong,Texas,59,502,10
48013,Atascosa,Texas,2589,4760,116
48015,Austin,Texas,1252,5813,117
48017,Bailey,Texas,130,868,6
48019,Bandera,Texas,1257,4911,178
48021,Bastrop,Texas,6566,9803,592
48023,Baylor,Texas,134,700,10
48025,Bee,Texas,2128,2972,126
48027,Bell,Texas,14412,28778,793
48029,Bexar,Texas,145711,149697,5542
48031,Blanco,Texas,874,2622,112
48033,Borden,Texas,18,240,2
48035,Bosque,Texas,933,3881,94
48037,Bowie,Texas,5564,15583,385
48039,Brazoria,Texas,19703,41373,1204
48041,Brazos,Texas,9125,21859,624
48043,Brewster,Texas,1311,1499,98
48045,Briscoe,Texas,75,431,4
48047,Brooks,Texas,1478,588,80
48049,Brown,Texas,901,7176,124
48051,Burleson,Texas,959,3199,50
48053,Burnet,Texas,2571,8995,317
48055,Caldwell,Texas,3578,5037,291
48057,Calhoun,Texas,1326,2737,92
48059,Callahan,Texas,285,2636,48
48061,Cameron,Texas,21859,16556,992
48063,Camp,Texas,718,1862,33
48065,Carson,Texas,193,1634,30
48067,Cass,Texas,1687,5185,75
48069,Castro,Texas,217,917,18
48071,Chambers,Texas,1490,6778,147
48073,Cherokee,Texas,1862,7709,117
48075,Childress,Texas,134,944,17
48077,Clay,Texas,363,2436,43
48079,Cochran,Texas,65,423,7
48081,Coke,Texas,67,696,7
48083,Coleman,Texas,234,1974,32
48085,Collin,Texas,57757,116365,3009
48087,Collingsworth,Texas,132,651,19
48089,Colorado,Texas,1192,3881,84
48091,Comal,Texas,7428,26642,650
48093,Comanche,Texas,544,2447,78
48095,Concho,Texas,77,511,10
48097,Cooke,Texas,1273,7402,144
48099,Coryell,Texas,2017,6465,203
48101,Cottle,Texas,48,310,4
48103,Crane,Texas,127,713,11
48105,Crockett,Texas,203,624,8
48107,Crosby,Texas,239,813,20
48109,Culberson,Texas,146,172,10
48111,Dallam,Texas,100,727,17
48113,Dallas,Texas,223136,178273,5851
48115,Dawson,Texas,335,1687,22
48117,Deaf Smith,Texas,503,2182,43
48119,Delta,Texas,351,984,43
48121,Denton,Texas,47238,93683,3089
48123,DeWitt,Texas,695,3269,54
48125,Dickens,Texas,60,452,5
48127,Dimmit,Texas,1245,599,33
48129,Donley,Texas,120,803,20
48131,Duval,Texas,2251,750,83
48133,Eastland,Texas,372,3503,56
48135,Ector,Texas,2478,12139,210
48137,Edwards,Texas,222,540,24
48141,El Paso,Texas,48506,29953,1949
48139,Ellis,Texas,7963,23604,608
48143,Erath,Texas,1301,5953,139
48145,Falls,Texas,877,2147,40
48147,Fannin,Texas,1449,4897,144
48149,Fayette,Texas,1547,5885,108
48151,Fisher,Texas,334,891,20
48153,Floyd,Texas,133,955,7
48155,Foard,Texas,102,205,3
48157,Fort Bend,Texas,56825,73749,1894
48159,Franklin,Texas,353,2197,44
48161,Freestone,Texas,902,3473,75
48163,Frio,Texas,953,863,27
48165,Gaines,Texas,235,2235,42
48167,Galveston,Texas,23201,40422,1231
48169,Garza,Texas,80,752,8
48171,Gillespie,Texas,1502,7168,178
48173,Glasscock,Texas,15,377,8
48175,Goliad,Texas,873,1873,42
48177,Gonzales,Texas,840,2789,83
48179,Gray,Texas,302,3358,65
48181,Grayson,Texas,5067,18103,339
48183,Gregg,Texas,5808,17210,222
48185,Grimes,Texas,1125,3716,114
48187,Guadalupe,Texas,8788,21235,556
48189,Hale,Texas,567,3703,50
48191,Hall,Texas,74,485,11
48193,Hamilton,Texas,491,1891,48
48195,Hansford,Texas,55,1105,16
48197,Hardeman,Texas,130,523,13
48199,Hardin,Texas,1494,9923,159
48201,Harris,Texas,320160,349639,10277
48203,Harrison,Texas,4086,10384,190
48205,Hartley,Texas,87,1006,15
48207,Haskell,Texas,230,821,14
48209,Hays,Texas,17300,21002,1029
48211,Hemphill,Texas,100,715,15
48213,Henderson,Texas,3689,13118,318
48215,Hidalgo,Texas,50303,27909,2007
48217,Hill,Texas,1887,6855,177
48219,Hockley,Texas,425,3222,50
48221,Hood,Texas,2577,10784,278
48223,Hopkins,Texas,1759,5745,133
48225,Houston,Texas,901,3696,53
48227,Howard,Texas,664,3492,123
48229,Hudspeth,Texas,151,267,19
48231,Hunt,Texas,3688,12294,342
48233,Hutchinson,Texas,462,3956,76
48235,Irion,Texas,43,383,9
48237,Jack,Texas,225,1473,29
48239,Jackson,Texas,488,2420,37
48241,Jasper,Texas,1415,5644,76
48243,Jeff Davis,Texas,366,623,40
48245,Jefferson,Texas,25799,26876,540
48247,Jim Hogg,Texas,521,190,9
48249,Jim Wells,Texas,3016,2589,106
48251,Johnson,Texas,5978,22715,579
48253,Jones,Texas,534,2745,62
48255,Karnes,Texas,715,1770,36
48257,Kaufman,Texas,5449,14590,314
48259,Kendall,Texas,1989,9713,173
48261,Kenedy,Texas,59,64,2
48263,Kent,Texas,49,251,10
48265,Kerr,Texas,2901,11740,292
48267,Kimble,Texas,113,1096,15
48269,King,Texas,1,90,2
48271,Kinney,Texas,375,747,26
48273,Kleberg,Texas,2804,2836,119
48275,Knox,Texas,159,726,14
48277,Lamar,Texas,2869,7785,245
48279,Lamb,Texas,251,1841,20
48281,Lampasas,Texas,787,3745,96
48283,La Salle,Texas,422,434,9
48285,Lavaca,Texas,784,4180,62
48287,Lee,Texas,963,3199,122
48289,Leon,Texas,511,3694,46
48291,Liberty,Texas,2681,9576,245
48293,Limestone,Texas,979,3278,49
48295,Lipscomb,Texas,93,740,20
48297,Live Oak,Texas,400,2007,48
48299,Llano,Texas,1363,5552,138
48301,Loving,Texas,4,35,2
48303,Lubbock,Texas,10438,36038,717
48305,Lynn,Texas,180,1013,16
48313,Madison,Texas,462,1941,26
48315,Marion,Texas,705,1480,28
48317,Martin,Texas,116,1016,23
48319,Mason,Texas,243,1104,24
48321,Matagorda,Texas,2115,4691,146
48323,Maverick,Texas,3723,1392,183
48307,McCulloch,Texas,258,1456,34
48309,McLennan,Texas,13092,30507,699
48311,McMullen,Texas,34,222,7
48325,Medina,Texas,2506,7194,153
48327,Menard,Texas,65,411,6
48329,Midland,Texas,3012,20204,361
48331,Milam,Texas,1293,3576,95
48333,Mills,Texas,134,1194,25
48335,Mitchell,Texas,176,1020,15
48337,Montague,Texas,916,5691,136
48339,Montgomery,Texas,19179,83938,1778
48341,Moore,Texas,301,2421,44
48343,Morris,Texas,1031,2033,44
48345,Motley,Texas,20,344,8
48347,Nacogdoches,Texas,2845,9021,176
48349,Navarro,Texas,2376,6983,173
48351,Newton,Texas,703,2161,41
48353,Nolan,Texas,474,2117,54
48355,Nueces,Texas,24746,30854,1405
48357,Ochiltree,Texas,70,1500,20
48359,Oldham,Texas,33,519,7
48361,Orange,Texas,3600,13400,266
48363,Palo Pinto,Texas,1141,4410,120
48365,Panola,Texas,1069,4614,69
48367,Parker,Texas,5540,25683,636
48369,Parmer,Texas,153,1234,13
48371,Pecos,Texas,817,2146,68
48373,Polk,Texas,2410,7858,228
48375,Potter,Texas,2925,10584,246
48377,Presidio,Texas,613,364,27
48379,Rains,Texas,440,1976,35
48381,Randall,Texas,3650,24134,433
48383,Reagan,Texas,68,425,13
48385,Real,Texas,175,862,18
48387,Red River,Texas,730,1993,45
48389,Reeves,Texas,510,695,17
48391,Refugio,Texas,750,1238,52
48393,Roberts,Texas,15,324,6
48395,Robertson,Texas,1768,3270,67
48397,Rockwall,Texas,4670,16100,316
48399,Runnels,Texas,230,2057,25
48401,Rusk,Texas,1906,8517,105
48403,Sabine,Texas,355,2372,35
48405,San Augustine,Texas,756,1920,48
48407,San Jacinto,Texas,1632,4641,161
48409,San Patricio,Texas,4071,7202,258
48411,San Saba,Texas,145,1280,20
48413,Schleicher,Texas,213,635,11
48415,Scurry,Texas,298,2518,46
48417,Shackelford,Texas,50,751,9
48419,Shelby,Texas,1116,4330,58
48421,Sherman,Texas,52,538,10
48423,Smith,Texas,10846,37360,628
48425,Somervell,Texas,405,1796,44
48427,Starr,Texas,4008,1104,73
48429,Stephens,Texas,169,1737,29
48431,Sterling,Texas,33,429,8
48433,Stonewall,Texas,76,297,8
48435,Sutton,Texas,113,619,11
48437,Swisher,Texas,362,1029,33
48439,Tarrant,Texas,153214,213120,6639
48441,Taylor,Texas,3876,19100,425
48443,Terrell,Texas,108,273,17
48445,Terry,Texas,366,1896,31
48447,Throckmorton,Texas,66,456,13
48449,Titus,Texas,1288,3802,72
48451,Tom Green,Texas,3559,14670,304
48453,Travis,Texas,169141,91301,7353
48455,Trinity,Texas,996,2837,97
48457,Tyler,Texas,885,3788,96
48459,Upshur,Texas,1426,7294,128
48461,Upton,Texas,106,555,9
48463,Uvalde,Texas,2101,2967,75
48465,Val Verde,Texas,3608,3306,168
48467,Van Zandt,Texas,1938,9751,232
48469,Victoria,Texas,4233,12657,258
48471,Walker,Texas,3476,7669,242
48473,Waller,Texas,2741,6329,125
48475,Ward,Texas,411,1535,34
48477,Washington,Texas,1952,6886,153
48479,Webb,Texas,17963,7622,819
48481,Wharton,Texas,2075,6215,109
48483,Wheeler,Texas,120,1185,17
48485,Wichita,Texas,4822,16130,304
48487,Wilbarger,Texas,574,2141,36
48489,Willacy,Texas,1274,854,57
48491,Williamson,Texas,39516,61496,2898
48493,Wilson,Texas,2707,7506,216
48495,Winkler,Texas,136,829,20
48497,Wise,Texas,2178,10181,280
48499,Wood,Texas,1403,9778,129
48501,Yoakum,Texas,93,1046,10
48503,Young,Texas,679,4497,127
48505,Zapata,Texas,788,372,17
48507,Zavala,Texas,1110,350,24
55001,Adams,Wisconsin,3762,4297,126
55003,Ashland,Wisconsin,4150,2333,83
55005,Barron,Wisconsin,6832,9696,221
55007,Bayfield,Wisconsin,4888,3075,60
55009,Brown,Wisconsin,40751,58408,1132
55011,Buffalo,Wisconsin,2267,3169,68
55013,Burnett,Wisconsin,2615,3868,54
55015,Calumet,Wisconsin,7285,14086,243
55017,Chippewa,Wisconsin,10402,13765,339
55019,Clark,Wisconsin,3848,7409,134
55021,Columbia,Wisconsin,12527,11837,336
55023,Crawford,Wisconsin,3225,2974,74
55025,Dane,Wisconsin,175937,73676,2856
55027,Dodge,Wisconsin,12732,23715,391
55029,Door,Wisconsin,6842,8160,168
55031,Douglas,Wisconsin,9590,6001,154
55033,Dunn,Wisconsin,7066,8229,225
55035,Eau Claire,Wisconsin,21239,20304,562
55037,Florence,Wisconsin,629,1349,23
55039,Fond du Lac,Wisconsin,15014,27485,430
55041,Forest,Wisconsin,1511,2032,49
55043,Grant,Wisconsin,8704,9149,313
55045,Green,Wisconsin,7948,7193,197
55047,Green Lake,Wisconsin,2464,5336,74
55049,Iowa,Wisconsin,5937,4480,163
55051,Iron,Wisconsin,1085,1755,34
55053,Jackson,Wisconsin,3631,3812,102
55055,Jefferson,Wisconsin,13876,21443,443
55057,Juneau,Wisconsin,4080,4817,135
55059,Kenosha,Wisconsin,27367,28398,717
55061,Kewaunee,Wisconsin,3379,5676,79
55063,La Crosse,Wisconsin,25429,22321,672
55065,Lafayette,Wisconsin,2982,3191,78
55067,Langlade,Wisconsin,2921,5476,81
55069,Lincoln,Wisconsin,5104,6866,178
55071,Manitowoc,Wisconsin,12563,21044,426
55073,Marathon,Wisconsin,21305,34583,625
55075,Marinette,Wisconsin,6023,9610,155
55077,Marquette,Wisconsin,2629,3611,86
55078,Menominee,Wisconsin,753,215,31
55079,Milwaukee,Wisconsin,231316,132706,4071
55081,Monroe,Wisconsin,6399,8446,243
55083,Oconto,Wisconsin,5657,10300,178
55085,Oneida,Wisconsin,7190,9852,272
55087,Outagamie,Wisconsin,29503,44543,899
55089,Ozaukee,Wisconsin,13696,32696,349
55091,Pepin,Wisconsin,1333,1791,39
55093,Pierce,Wisconsin,6666,7760,211
55095,Polk,Wisconsin,6516,9345,207
55097,Portage,Wisconsin,15283,14650,425
55099,Price,Wisconsin,2700,3725,77
55101,Racine,Wisconsin,35769,42944,868
55103,Richland,Wisconsin,3315,3435,86
55105,Rock,Wisconsin,32523,24993,932
55107,Rusk,Wisconsin,2286,3502,100
55111,Sauk,Wisconsin,13041,12222,346
55113,Sawyer,Wisconsin,3029,3721,76
55115,Shawano,Wisconsin,5730,10937,171
55117,Sheboygan,Wisconsin,17955,31728,549
55109,St. Croix,Wisconsin,13231,20066,463
55119,Taylor,Wisconsin,2248,5406,90
55121,Trempealeau,Wisconsin,4974,5617,140
55123,Vernon,Wisconsin,5932,5687,152
55125,Vilas,Wisconsin,4240,6942,135
55127,Walworth,Wisconsin,13809,25415,488
55129,Washburn,Wisconsin,3074,3945,73
55131,Washington,Wisconsin,15507,50278,478
55133,Waukesha,Wisconsin,54500,147266,1482
55135,Waupaca,Wisconsin,7471,13130,197
55137,Waushara,Wisconsin,3609,6100,100
55139,Winnebago,Wisconsin,30258,37894,1061
55141,Wood,Wisconsin,12861,17820,420
56001,Albany,Wyoming,4885,4520,926
56003,Big Horn,Wyoming,545,2717,831
56005,Campbell,Wyoming,1267,7667,1658
56007,Carbon,Wyoming,1164,2948,427
56009,Converse,Wyoming,823,2572,805
56011,Crook,Wyoming,304,1970,481
56013,Fremont,Wyoming,4126,6655,1431
56015,Goshen,Wyoming,1066,2494,692
56017,Hot Springs,Wyoming,536,1155,317
56019,Johnson,Wyoming,812,2179,297
56021,Laramie,Wyoming,7780,14270,3753
56023,Lincoln,Wyoming,867,4045,855
56025,Natrona,Wyoming,5796,12454,2820
56027,Niobrara,Wyoming,167,579,290
56029,Park,Wyoming,1518,6163,1780
56031,Platte,Wyoming,915,1857,752
56033,Sheridan,Wyoming,2311,6400,818
56035,Sublette,Wyoming,968,1757,484
56037,Sweetwater,Wyoming,3857,6431,989
56039,Teton,Wyoming,3573,3998,367
56041,Uinta,Wyoming,1620,3251,822
56043,Washakie,Wyoming,500,2041,302
56045,Weston,Wyoming,352,1577,528
